pool,pair,layer,paper_fig10b,ours_cosine,diff,within_tolerance
last_content,syc-ga,2,0.98,0.9691694759285205,-0.010830524071479442,True
last_content,syc-ga,5,1.0,0.9784812293889635,-0.021518770611036464,True
last_content,syc-ga,8,1.0,0.9671743120466778,-0.03282568795332219,True
last_content,syc-ga,11,0.99,0.9218096852012229,-0.06819031479877713,True
last_content,syc-ga,13,0.94,0.8608812119217505,-0.07911878807824946,True
last_content,syc-ga,15,0.8,0.7782904082536966,-0.02170959174630349,True
last_content,syc-ga,16,0.72,0.728259158307795,0.008259158307795,True
last_content,syc-ga,18,0.66,0.727277589687946,0.06727758968794595,True
last_content,syc-ga,20,0.64,0.743741314861421,0.10374131486142102,False
last_content,syc-ga,22,0.61,0.568585217610372,-0.041414782389628035,True
last_content,syc-ga,25,0.56,0.43504781228306466,-0.12495218771693539,False
last_content,syc-ga,27,0.52,0.4210901397017991,-0.09890986029820092,True
last_content,syc-ga,29,0.42,0.03100736202725124,-0.38899263797274874,False
last_content,syc-ga,30,0.08,-0.00276038561906219,-0.0827603856190622,True
last_content,syc-ga,31,-0.11,0.1510231692586964,0.2610231692586964,False
last_content,syc-pr,2,0.03,0.18295716992847244,0.15295716992847244,False
last_content,syc-pr,5,-0.03,0.12681642414134395,0.15681642414134395,False
last_content,syc-pr,8,-0.07,0.12984142100677615,0.19984142100677615,False
last_content,syc-pr,11,0.01,-0.04727648065743595,-0.05727648065743595,True
last_content,syc-pr,15,0.0,0.06339181036569556,0.06339181036569556,True
last_content,syc-pr,20,0.07,0.18970752612752453,0.11970752612752453,False
last_content,syc-pr,23,0.16,0.16603549093842046,0.006035490938420457,True
last_content,syc-pr,25,0.19,0.16083445596454699,-0.029165544035453017,True
last_content,syc-pr,28,0.2,0.1757880859399999,-0.024211914060000117,True
last_content,syc-pr,30,0.3,0.2895249748242873,-0.010475025175712693,True
last_content,syc-pr,31,0.45,0.36498286345566516,-0.08501713654433485,True
last_content,ga-pr,2,0.09,0.19661308810296563,0.10661308810296563,False
last_content,ga-pr,5,0.0,0.13700428779231766,0.13700428779231766,False
last_content,ga-pr,8,-0.07,0.14137922918633064,0.21137922918633065,False
last_content,ga-pr,11,0.02,-0.042664727241240215,-0.06266472724124021,True
last_content,ga-pr,15,-0.02,-0.017016257238823194,0.0029837427611768066,True
last_content,ga-pr,20,0.03,0.20729775142906173,0.17729775142906173,False
last_content,ga-pr,25,0.11,0.3408441506213233,0.2308441506213233,False
last_content,ga-pr,29,0.12,0.37373826916309905,0.25373826916309905,False
last_content,ga-pr,30,-0.03,0.20439981769945734,0.23439981769945734,False
last_content,ga-pr,31,-0.24,0.31633095073727013,0.5563309507372701,False
resp_all,syc-ga,2,0.98,0.9160962105362976,-0.06390378946370234,True
resp_all,syc-ga,5,1.0,0.9674881890005043,-0.03251181099949574,True
resp_all,syc-ga,8,1.0,0.9638263057234008,-0.03617369427659922,True
resp_all,syc-ga,11,0.99,0.8881221243670964,-0.10187787563290363,False
resp_all,syc-ga,13,0.94,0.5782440457523234,-0.3617559542476766,False
resp_all,syc-ga,15,0.8,0.2852368833833125,-0.5147631166166875,False
resp_all,syc-ga,16,0.72,0.17842105689979468,-0.5415789431002053,False
resp_all,syc-ga,18,0.66,0.0838979645270301,-0.5761020354729699,False
resp_all,syc-ga,20,0.64,0.0866294661090956,-0.5533705338909044,False
resp_all,syc-ga,22,0.61,0.0045896743813551655,-0.6054103256186448,False
resp_all,syc-ga,25,0.56,-0.013056391522479161,-0.5730563915224792,False
resp_all,syc-ga,27,0.52,-0.011675586730975279,-0.5316755867309753,False
resp_all,syc-ga,29,0.42,-0.14053460726316608,-0.5605346072631661,False
resp_all,syc-ga,30,0.08,-0.26946088850317174,-0.34946088850317175,False
resp_all,syc-ga,31,-0.11,-0.21072460548541164,-0.10072460548541164,False
resp_all,syc-pr,2,0.03,-0.1793332771250047,-0.20933327712500469,False
resp_all,syc-pr,5,-0.03,-0.05356772441299089,-0.02356772441299089,True
resp_all,syc-pr,8,-0.07,0.042756366018774423,0.11275636601877442,False
resp_all,syc-pr,11,0.01,0.09794041206788782,0.08794041206788783,True
resp_all,syc-pr,15,0.0,0.19338587536608465,0.19338587536608465,False
resp_all,syc-pr,20,0.07,0.12245774136128759,0.052457741361287585,True
resp_all,syc-pr,23,0.16,0.09729930145956688,-0.06270069854043313,True
resp_all,syc-pr,25,0.19,0.08706122342713933,-0.10293877657286067,False
resp_all,syc-pr,28,0.2,0.06429332129865112,-0.1357066787013489,False
resp_all,syc-pr,30,0.3,0.18320526506881832,-0.11679473493118167,False
resp_all,syc-pr,31,0.45,0.13483085981643608,-0.3151691401835639,False
resp_all,ga-pr,2,0.09,-0.017539180808928693,-0.10753918080892869,False
resp_all,ga-pr,5,0.0,0.03768521823992227,0.03768521823992227,True
resp_all,ga-pr,8,-0.07,0.1051306392048212,0.1751306392048212,False
resp_all,ga-pr,11,0.02,0.15591588786543542,0.13591588786543543,False
resp_all,ga-pr,15,-0.02,0.22600952639129815,0.24600952639129814,False
resp_all,ga-pr,20,0.03,0.22519349837643,0.19519349837643,False
resp_all,ga-pr,25,0.11,0.24594541504996317,0.13594541504996316,False
resp_all,ga-pr,29,0.12,0.1934000616694186,0.07340006166941859,True
resp_all,ga-pr,30,-0.03,0.08881003294406102,0.11881003294406102,False
resp_all,ga-pr,31,-0.24,0.19227692080445621,0.43227692080445623,False
