other_position,layer,setting,mean_cosine,min_cosine,max_cosine,n_pairs
first5,3,C=0.0001,0.10787277182462947,0.070266469258279,0.17662396359070695,14
first5,3,C=0.001,0.1899075862165183,0.08486189023057633,0.30621349864463593,14
first5,3,C=0.01,0.24504913738629613,0.08393890197677692,0.35933540185214613,14
first5,3,C=0.1,0.2641485550009086,0.08017670162267296,0.37076648866181144,14
first5,3,C=1,0.26941926471227645,0.08380265757314133,0.37311673365855885,14
first5,3,C=10,0.24048530806161314,0.08271109568712622,0.3612077570274454,14
first5,3,DIM,0.04393646583873024,0.0016919576898113845,0.10301563738183744,14
first5,6,C=0.0001,0.24731227639259848,0.08852044805859739,0.3288606725117359,14
first5,6,C=0.001,0.3133737156353217,0.11381551945775083,0.3764274293947625,14
first5,6,C=0.01,0.33094045596403915,0.13773917421208154,0.4077888689599125,14
first5,6,C=0.1,0.32735503635162877,0.14493815434465276,0.39890797422360036,14
first5,6,C=1,0.31209504783205727,0.11833135004222808,0.38917825210375934,14
first5,6,C=10,0.31729069271430793,0.11227759527092022,0.3912164292069902,14
first5,6,DIM,0.11065958124091765,0.013867403226931342,0.1973016983437521,14
first5,10,C=0.0001,0.37120460266016947,0.26969552652163187,0.472544912605594,14
first5,10,C=0.001,0.3727306484278019,0.2876139742068008,0.4562088263448279,14
first5,10,C=0.01,0.3548480142383026,0.28378599960147793,0.4373083527874848,14
first5,10,C=0.1,0.33422259454848285,0.25666510237482937,0.41452479947767173,14
first5,10,C=1,0.3419063285868661,0.23401197792846803,0.4254253396675661,14
first5,10,C=10,0.34160972195098477,0.23388261321447407,0.4473615895090392,14
first5,10,DIM,0.3313350670632789,0.08887430312661278,0.4443966780089017,14
first5,13,C=0.0001,0.5335198890401774,0.46640998672931544,0.6352525824370232,14
first5,13,C=0.001,0.5253715915717286,0.46667920721332123,0.62891408349965,14
first5,13,C=0.01,0.5067713366373539,0.4585468316099365,0.6136638465181411,14
first5,13,C=0.1,0.48531658941329286,0.4154373667386748,0.5746712672363278,14
first5,13,C=1,0.5234330513627912,0.47336316603699297,0.6146005319086976,14
first5,13,C=10,0.5219959322261803,0.4735880571290038,0.5942747323236578,14
first5,13,DIM,0.5835278500469468,0.4759078655744551,0.6973406135487914,14
first5,16,C=0.0001,0.573600761248045,0.5237210969463496,0.6289614419128732,14
first5,16,C=0.001,0.5649328431426442,0.5251077670403487,0.6229052400127557,14
first5,16,C=0.01,0.5470465900333903,0.48890929924986903,0.6054364170866905,14
first5,16,C=0.1,0.5278506045015526,0.44767589218167425,0.5886816230283517,14
first5,16,C=1,0.5620725422987617,0.505728071373759,0.6207641681086427,14
first5,16,C=10,0.5616422638293094,0.505824244030065,0.6207848874754317,14
first5,16,DIM,0.6496992506448903,0.546040128163973,0.7253034858653862,14
first5,19,C=0.0001,0.5540235404319802,0.5130492964501391,0.5959338561465979,14
first5,19,C=0.001,0.5479769070386391,0.5085097370817581,0.5886976413390347,14
first5,19,C=0.01,0.5325939064983042,0.4807621985326593,0.572852506572106,14
first5,19,C=0.1,0.5134427050825426,0.44996325343328275,0.5616416475564293,14
first5,19,C=1,0.5334190512446607,0.4412636633853446,0.5949411319448612,14
first5,19,C=10,0.5323759617052148,0.43851080849508584,0.5938592062929128,14
first5,19,DIM,0.6270780972167477,0.5367259320085556,0.6945492495479665,14
first5,22,C=0.0001,0.4780996261674702,0.4498344446563193,0.5147209043380108,14
first5,22,C=0.001,0.4749126262800357,0.43991993075008695,0.5142116701870862,14
first5,22,C=0.01,0.4620391208988592,0.41835365080819276,0.5031861380772432,14
first5,22,C=0.1,0.4405631728261956,0.38440407900608936,0.4787224415277183,14
first5,22,C=1,0.44564139256673013,0.3516477623368217,0.49806332037414613,14
first5,22,C=10,0.4436426303533699,0.3454432401331785,0.49809962582065415,14
first5,22,DIM,0.5700858107234731,0.46499570986886846,0.6402748844294119,14
first5,26,C=0.0001,0.4396788947327339,0.3974659553794037,0.4924533681633797,14
first5,26,C=0.001,0.43710503809484996,0.40475843328240196,0.4902664491457608,14
first5,26,C=0.01,0.4266020340835424,0.40006132624126073,0.48150902333618895,14
first5,26,C=0.1,0.4079152232712307,0.38144801146326557,0.4588938851194792,14
first5,26,C=1,0.4199460748930721,0.3845196371072315,0.46590843094870665,14
first5,26,C=10,0.41777058127784455,0.38351776070593396,0.4660043788371822,14
first5,26,DIM,0.5211095464099665,0.4476236518493161,0.5898067740662907,14
first5,29,C=0.0001,0.4225738701272966,0.38478630932580354,0.49260508647401197,14
first5,29,C=0.001,0.42050373685314346,0.39193742300942674,0.47690368018713347,14
first5,29,C=0.01,0.41123678666909436,0.38490941267396483,0.46929029481158574,14
first5,29,C=0.1,0.3932886147648868,0.3700106865646702,0.44782107139955607,14
first5,29,C=1,0.3973240343403087,0.32396840257380044,0.4503117389872781,14
first5,29,C=10,0.3953012304735032,0.3112942620298269,0.45038744567296357,14
first5,29,DIM,0.4714686021829152,0.41117479117808237,0.5486421661566799,14
response,3,C=0.0001,0.07893628055103859,0.044020702717373635,0.12277500991012236,14
response,3,C=0.001,0.09598225512282697,0.06847120591909125,0.13875040051656967,14
response,3,C=0.01,0.10653829967819603,0.08036125671185605,0.14912966525368543,14
response,3,C=0.1,0.10963195879592813,0.08154229635140735,0.15259162725174558,14
response,3,C=1,0.105282622455784,0.06490219971126941,0.15914125396491693,14
response,3,C=10,0.10382212952274616,0.06548756828275752,0.14835961961251665,14
response,3,DIM,0.06801899773833983,0.026875655134758827,0.1618682207638881,14
response,6,C=0.0001,0.11201308027727205,0.044202135613730244,0.1829562685964317,14
response,6,C=0.001,0.12823190126319353,0.05337542867599655,0.21722103805705767,14
response,6,C=0.01,0.13555921741834145,0.059603294335169865,0.22572655929835575,14
response,6,C=0.1,0.13432261159936393,0.05825704347592104,0.223261809210224,14
response,6,C=1,0.12253795848249505,0.045080505610043974,0.21314763552655155,14
response,6,C=10,0.12283266904015759,0.04458543915004821,0.2115485060876945,14
response,6,DIM,0.0824376931211156,0.017494382470643284,0.1583448478879497,14
response,10,C=0.0001,0.21212532190681252,0.12305515789095735,0.27607343392308714,14
response,10,C=0.001,0.22629862226648603,0.14455396326996675,0.29490331224255123,14
response,10,C=0.01,0.2272920082502115,0.15376984246018421,0.29648273775325656,14
response,10,C=0.1,0.22007733856636172,0.1522736052900477,0.2893723502365475,14
response,10,C=1,0.21154889332944743,0.12312859050695384,0.28907249944126084,14
response,10,C=10,0.21367868009967053,0.1232422154017532,0.2872055508813649,14
response,10,DIM,0.19795035555982413,0.11647394378824187,0.2700227048262529,14
response,13,C=0.0001,0.3774698078335411,0.2787030756436615,0.49265543583363397,14
response,13,C=0.001,0.3854701417160159,0.29327655338484854,0.5065053703935769,14
response,13,C=0.01,0.3810466863487957,0.2997696166869875,0.49911894966253795,14
response,13,C=0.1,0.3655390630090665,0.28452005644590045,0.4593691405699135,14
response,13,C=1,0.36054402825023407,0.26945422547720926,0.4408814467942344,14
response,13,C=10,0.3605159672717287,0.2696549452785204,0.4483300293106691,14
response,13,DIM,0.39808046635467503,0.2795072639644798,0.45699425181940406,14
response,16,C=0.0001,0.4183063742034957,0.35189282250015924,0.4897753249439766,14
response,16,C=0.001,0.4243070956477314,0.3661371403246803,0.48249151446580274,14
response,16,C=0.01,0.41960965683523505,0.3726571156796326,0.46969050698614073,14
response,16,C=0.1,0.40624354890957337,0.36801679535984044,0.43952202023904563,14
response,16,C=1,0.40747469336377673,0.34125679642174556,0.46943912386054576,14
response,16,C=10,0.4064037243608391,0.3413524399121474,0.46918208214253243,14
response,16,DIM,0.47817808987559385,0.364768433704645,0.5844961708594447,14
response,19,C=0.0001,0.4219165774182348,0.37971782198860643,0.5110773258899756,14
response,19,C=0.001,0.4266209237178047,0.390589476106354,0.4926007680264698,14
response,19,C=0.01,0.42189028462955774,0.3882612570388713,0.47595771649236895,14
response,19,C=0.1,0.408587533947952,0.36982123840262937,0.4670203351748932,14
response,19,C=1,0.41249497637209925,0.36172086125457237,0.5017709676858055,14
response,19,C=10,0.40940068035264476,0.3616293591458537,0.5012840289500782,14
response,19,DIM,0.48662384746835347,0.4020583612866957,0.6041046221667368,14
response,22,C=0.0001,0.38477295724618926,0.34337723683829213,0.4401172280020701,14
response,22,C=0.001,0.390446809067302,0.3534303010015386,0.43722291098061933,14
response,22,C=0.01,0.3862346872360125,0.35061506636599765,0.42926367469920984,14
response,22,C=0.1,0.3712991980583273,0.3353942585294721,0.39488014021902956,14
response,22,C=1,0.37051432930138517,0.30897416651496085,0.4263785053056609,14
response,22,C=10,0.36709126717792756,0.2972205720696503,0.4263028596575581,14
response,22,DIM,0.46159482793451684,0.3837035687116711,0.5379530945015195,14
response,26,C=0.0001,0.3686581478993653,0.32188162477867355,0.4353163053884707,14
response,26,C=0.001,0.3738227613738579,0.3370823869354749,0.4336207220345579,14
response,26,C=0.01,0.37024717672218826,0.3348991666827483,0.4259411376012714,14
response,26,C=0.1,0.35732815518999955,0.31858737351799093,0.39513802581102414,14
response,26,C=1,0.35243422138492786,0.2979244026384882,0.41095536755874407,14
response,26,C=10,0.3482282841574214,0.27619645320102904,0.4103922653185296,14
response,26,DIM,0.4242142677408441,0.3206006525583111,0.5005935843584958,14
response,29,C=0.0001,0.3580102766562767,0.3137636589174099,0.4263792038237487,14
response,29,C=0.001,0.36375303387401103,0.3204011158381777,0.42515709813791286,14
response,29,C=0.01,0.36080109046665293,0.3200166410749641,0.4181156829605504,14
response,29,C=0.1,0.34943267249151827,0.3033475451806201,0.3931351831887204,14
response,29,C=1,0.34369441051689337,0.2921397342350741,0.41013177656654126,14
response,29,C=10,0.33922550098283144,0.2697893812530042,0.4097296598515695,14
response,29,DIM,0.39170068507755695,0.31663423444884387,0.4699565887224885,14
