eval_position,layer,ood_lp_probe_here,ood_lp_probe_at_last_prompt,ood_native_probe_here,ood_diff_vs_lp_at_last_prompt,ood_frac_better_than_lp_at_last_prompt,ood_diff_vs_native,ood_frac_better_than_native,ood_frac_side_of_half_flips_vs_lp_at_last_prompt,ood_spearman_vs_lp_at_last_prompt,ood_spearman_vs_native,in_dist_lp_probe_here,in_dist_lp_probe_here_min,in_dist_native_probe_here,n_blocks
first5,3,0.5164707263106889,0.5107357984532196,0.5333411628925089,0.005734927857469403,0.5068027210884354,-0.016870436581819928,0.45850340136054424,0.45102040816326533,0.15298220225786796,0.16221486330876955,0.7710789271763393,0.44415283203125,0.9715949856505102,1470
first5,6,0.5055543999882447,0.5069934437045331,0.5462776749572319,-0.001439043716288386,0.4884353741496599,-0.04072327496898708,0.3802721088435374,0.3224489795918367,0.5074530969993629,0.11300098504835444,0.897620999083227,0.443115234375,0.9832396215322067,1470
first5,10,0.550968881229089,0.5465652177987429,0.5554462821922814,0.004403663430346084,0.5122448979591837,-0.004477400963192382,0.4816326530612245,0.3108843537414966,0.42864850900732165,0.5133357739279965,0.9790580905213648,0.699951171875,0.9941113530373087,1470
first5,13,0.5756273062389882,0.5780335405376289,0.5718986805816959,-0.0024062342986406423,0.47346938775510206,0.003728625657292314,0.5122448979591837,0.19251700680272107,0.7145972236687215,0.7243818071426325,0.9999869210379464,0.999755859375,0.9996026486766582,1470
first5,16,0.5697239871558145,0.5698569312312431,0.5680566548085677,-0.00013294407542862818,0.5306122448979592,0.001667332347246717,0.5047619047619047,0.13945578231292516,0.8211470568424212,0.7977429992521673,0.999969482421875,0.99908447265625,0.9997571049904337,1470
first5,19,0.5664406546491285,0.5624405047873428,0.5670349856431429,0.004000149861785818,0.5428571428571428,-0.0005943309940143948,0.5040816326530613,0.1380952380952381,0.8409395368548204,0.8300300083881496,0.9999296227279975,0.99774169921875,0.9995621661750638,1470
first5,22,0.5664218510478701,0.5463671842994486,0.5593486335792488,0.02005466674842159,0.6374149659863946,0.007073217468621365,0.5333333333333333,0.16666666666666666,0.7823970107712386,0.7883146065178969,0.999641262755102,0.9915771484375,0.9995571837133291,1470
first5,26,0.554025387345261,0.5455177979841056,0.5634466479003386,0.008507589361155359,0.5571428571428572,-0.009421260555077623,0.45918367346938777,0.18843537414965986,0.7639481494770726,0.7539015331575786,0.9996001574457908,0.9912109375,0.9995901925223214,1470
first5,29,0.5476044942129084,0.5406280081664544,0.5640509967220372,0.006976486046453903,0.5503401360544218,-0.01644650250912884,0.4340136054421769,0.16394557823129252,0.7678928907181758,0.807556245768159,0.9996094995615433,0.99066162109375,0.9997334382971939,1470
response,3,0.49324585830348494,0.5107357984532196,0.5618750238655377,-0.017489940149734613,0.5047619047619047,-0.06862916556205274,0.3258503401360544,0.545578231292517,-0.04551979594728173,0.14018034132704757,0.795745849609375,0.58746337890625,0.9890859175701531,1470
response,6,0.4921723374228689,0.5069934437045331,0.5651281120803452,-0.014821106281664194,0.4605442176870748,-0.07295577465747627,0.3272108843537415,0.4061224489795918,0.31481782987095486,0.12342928843288901,0.8446605448820153,0.60076904296875,0.9921015525350765,1470
response,10,0.5421521224546867,0.5465652177987429,0.5865476363972189,-0.004413095344056279,0.49183673469387756,-0.0443955139425321,0.3707482993197279,0.30272108843537415,0.4421234120338588,0.43716081712613114,0.9744960239955357,0.775146484375,0.9957854601801658,1470
response,13,0.583413860913083,0.5780335405376289,0.5976637299685402,0.005380320375454125,0.5448979591836735,-0.014249869055457238,0.3877551020408163,0.22380952380952382,0.6145824425687818,0.7186782796357183,0.9977610062579719,0.9697265625,0.9986821388711735,1470
response,16,0.5665380757173339,0.5698569312312431,0.5924191608960147,-0.0033188555139092453,0.5027210884353741,-0.02588108517868076,0.35374149659863946,0.20272108843537415,0.6240916800014802,0.6680948736493402,0.9994282625159439,0.98712158203125,0.9990502182318239,1470
response,19,0.5480493884479309,0.5624405047873428,0.5830736682180135,-0.014391116339411694,0.47959183673469385,-0.03502427977008257,0.3258503401360544,0.24081632653061225,0.6266974320313766,0.7110119975366606,0.9989069724569515,0.96612548828125,0.9991884815449618,1470
response,22,0.548635737906633,0.5463671842994486,0.580692864996976,0.0022685536071844654,0.5340136054421769,-0.03205712709034298,0.3598639455782313,0.2673469387755102,0.5824047621166965,0.6925276710050522,0.9968062420280612,0.8846435546875,0.9989941655373087,1470
response,26,0.5390827745628923,0.5455177979841056,0.58187154122523,-0.006435023421213284,0.48707482993197276,-0.04278876666233763,0.31700680272108844,0.3122448979591837,0.5065145777500775,0.6175858983468874,0.996833645567602,0.90557861328125,0.9989518146125638,1470
response,29,0.5318393785923942,0.5406280081664544,0.5776835989925057,-0.008788629574060191,0.48299319727891155,-0.04584422040011146,0.3081632653061224,0.29591836734693877,0.5245328694730438,0.6370782253773595,0.9945890465561225,0.85711669921875,0.9992644640864158,1470
