dataset,display,layer,last_prompt->last_prompt,last_prompt->first5,last_prompt->response,first5->last_prompt,first5->first5,first5->response,response->last_prompt,response->first5,response->response
aita_nta_flip_flipped_minority_balanced_seed0_flipped,AITA NTA flipped,13,0.7274285992757739,0.6576457833013114,0.6358545659963779,0.6783063473577622,0.6395792713949986,0.6161595610598929,0.6898960404261815,0.5603008435571164,0.6765541047699842
aita_nta_og_verdict_nta_minority_balanced_seed0,AITA NTA original,13,0.7157969480309131,0.646916504697117,0.649912941367023,0.6854638113748901,0.6575298486741636,0.6600447151649775,0.6990981766856403,0.5660734531908002,0.6986397450136518
aita_yta_framing_minority_balanced_seed0,AITA YTA framing,13,0.5924943409152413,0.5678056114838861,0.5660066547558557,0.5725252647568558,0.5595031395501701,0.5684187695960549,0.5728775045234209,0.5207013618934109,0.5980560830603447
aita_yta_indirectness_minority_balanced_seed0,AITA YTA indirectness,13,0.4537016421460103,0.47771971522830037,0.47783229724335496,0.45477465671919654,0.45905169883535263,0.4483058293583705,0.4887227203504676,0.5760959031048317,0.4391143307051617
aita_yta_validation_minority_balanced_seed0,AITA YTA validation,13,0.585390429591597,0.5824431494054877,0.6246132422387642,0.5703529031885458,0.5697713398174563,0.6147141382475519,0.5922000084918925,0.6123067038696778,0.6553866219366127
ays_freeform_judged_minority_balanced_seed0,AYS freeform,13,0.4750230379416417,0.4687036902386363,0.47463057911407136,0.47146824323563746,0.5384586833645222,0.5681354159409474,0.49851595801481546,0.5307817019266078,0.5603400883914634
ays_mc_judged_minority_balanced_seed0,AYS multiple choice,13,0.5029024040505254,0.47381460703228406,0.507269428648233,0.5065479421547536,0.4838806484007717,0.5214825346446219,0.5486958160455572,0.499894801753571,0.5147480676216405
oeq_framing_minority_balanced_seed0,OEQ framing,13,0.6189599258976209,0.5695671203814663,0.6011974505189456,0.5767934138331999,0.5575932820600711,0.5864095401255623,0.5983507019119774,0.610699986951615,0.5522347749020204
oeq_indirectness_minority_balanced_seed0,OEQ indirectness,13,0.5841774067903805,0.6146194872506826,0.6485337899332069,0.5666678235920217,0.5868235521721915,0.603800467654938,0.5805433757025108,0.7016795663843769,0.633884865359598
oeq_validation_minority_balanced_seed0,OEQ validation,13,0.6230931988394589,0.7035431172903163,0.6535603128349114,0.6206482176229658,0.6565779980539553,0.6372141699385441,0.6344934273542017,0.7878231503401782,0.674670570565631
ss_framing_minority_balanced_seed0,SS framing,13,0.5353030365138417,0.4901639186147134,0.5534918512069589,0.5370826381468957,0.5098309042763912,0.5664305574053673,0.5256630469928776,0.4967778761664865,0.6009743555338637
ss_indirectness_minority_balanced_seed0,SS indirectness,13,0.5159828638893574,0.5666617642098162,0.5456539720020239,0.5186462472592342,0.5674057682577163,0.5322393658289761,0.5467102040816325,0.5960214538708046,0.5303873165795244
ss_validation_minority_balanced_seed0,SS validation,13,0.6111995225276851,0.7039205523357586,0.7013701561997754,0.6203407491077975,0.6938274644872365,0.6801101599736366,0.650904716957165,0.7329931791840659,0.7086455508501718
sypr_judged_minority_balanced_seed0,SyPR praise,13,0.6030883309834643,0.5930230631883154,0.5916702960426279,0.5635066990797815,0.584053219175295,0.593322862813608,0.6047954604517127,0.6110444675253,0.5867120677585247
tqa_false_answer_judged_minority_balanced_seed0,TruthfulQA false answer,13,0.5259614206709218,0.5178615089267318,0.5196103755941149,0.49205166025110636,0.5145933902051469,0.5488898129247807,0.5281501273845771,0.573239670355906,0.5346074064799107
contrastive_test,Contrastive test (own pair),13,1.0,0.9999869210379464,0.9977610062579719,1.0,0.9996026486766582,0.9995291573660714,0.9999993771922832,0.997642672791773,0.9986821388711735
