pair_index,cell,pair_type,layer,ood last_prompt->last_prompt,ood last_prompt->first5,ood last_prompt->response,ood first5->last_prompt,ood first5->first5,ood first5->response,ood response->last_prompt,ood response->first5,ood response->response,in_dist last_prompt->last_prompt,in_dist last_prompt->first5,in_dist last_prompt->response,in_dist first5->last_prompt,in_dist first5->first5,in_dist first5->response,in_dist response->last_prompt,in_dist response->first5,in_dist response->response
0,General (baseline),baseline,13,0.5363065209393953,0.4864484634959436,0.5678504449844308,0.524789303151929,0.5063697918712088,0.5821478770449844,0.5186982571673003,0.5251826519945502,0.5272586665603805,1.0,0.99981689453125,0.9809744698660714,1.0,0.99700927734375,0.9948817661830357,0.9999912806919643,0.9734409877232143,0.98486328125
1,Position-Verifiable / Explicit,taxonomy,13,0.5616525127460484,0.5303791236574572,0.5939547558064303,0.520872644232647,0.5536845960437301,0.6002063211710144,0.5860782855596577,0.6213446146443683,0.6419031536531735,1.0,1.0,0.9998953683035714,1.0,0.9993722098214286,0.9996250697544643,1.0,0.9993809291294643,0.9995465959821429
2,Position-Verifiable / Implicit,taxonomy,13,0.5743582042741318,0.529624116652241,0.5945198262714106,0.5599873432885126,0.5549514688253157,0.6107087968366087,0.5559499684820296,0.5622580311452153,0.6515273331142754,1.0,1.0,0.9999825613839286,1.0,0.9992239815848214,0.9999651227678571,1.0,0.9997297014508929,0.9999651227678571
3,Position-Subjective / Explicit,taxonomy,13,0.5783016907600317,0.5789018825459404,0.5671479687146542,0.5491762472721385,0.5548625888420636,0.5593174676954648,0.6102088062025349,0.6394058100519656,0.6137448916640623,1.0,1.0,0.9999302455357143,1.0,0.9996599469866071,0.99957275390625,1.0,1.0,0.9996861049107143
4,Position-Subjective / Implicit,taxonomy,13,0.5825229485751948,0.56300742126054,0.5974839738734793,0.4899050257637788,0.52822429215915,0.5900657758135659,0.5523789522801685,0.6009958777414339,0.5435182669471985,1.0,1.0,1.0,1.0,1.0,1.0,1.0,0.9971749441964286,0.9999912806919643
5,Person-Traits / Explicit,taxonomy,13,0.5940275189429777,0.6253590598296713,0.5785761012464228,0.5982301291888308,0.6548131070197808,0.6207608511772291,0.6176828335832512,0.6390757028392343,0.6472271047854908,1.0,1.0,1.0,1.0,1.0,1.0,1.0,1.0,1.0
6,Person-Traits / Implicit,taxonomy,13,0.5800140186593505,0.5205860446163615,0.5830083105710177,0.5465182703349415,0.5635720024998635,0.609864856083986,0.5689415641691151,0.5956485447433337,0.6164308254422077,1.0,1.0,1.0,1.0,0.9997645786830357,1.0,1.0,0.9975062779017857,0.9986310686383929
7,Person-Emotions / Explicit,taxonomy,13,0.6107086022791877,0.6209060998228675,0.5981130526581704,0.6041253823290292,0.5703677901683661,0.560259976411965,0.6470634245984785,0.6554986119128262,0.6661417715553034,1.0,1.0,1.0,1.0,0.9998779296875,0.9999912806919643,1.0,0.9998604910714286,1.0
8,Person-Emotions / Implicit,taxonomy,13,0.6090819200438472,0.6121438909451837,0.6237130173418564,0.5935241690180613,0.6103725905760675,0.6176867435771121,0.6092770512727322,0.6186368111175921,0.6289048140107928,1.0,1.0,1.0,1.0,0.9996599469866071,1.0,1.0,0.9999738420758929,0.9999912806919643
9,Warranted praise,control,13,0.5806441657082206,0.605237564770382,0.605622598901321,0.608458042404039,0.6145941708891439,0.5983591289907264,0.6009078169843936,0.6148635863184098,0.5943025319867794,1.0,1.0,0.9999651227678571,1.0,1.0,0.9999912806919643,1.0,1.0,0.9998517717633929
10,Genuine agreement,control,13,0.5372401440241817,0.5867422153542735,0.5637273604601201,0.5346778977234,0.513904870319069,0.48139202327014186,0.5787601403339389,0.5535018364045913,0.5040627528755284,1.0,1.0,0.9880632672991071,1.0,0.9998692103794643,0.9995901925223214,1.0,1.0,0.9995901925223214
11,Appropriate emotional support,control,13,0.6004971561947888,0.6169033324036747,0.5991528840011969,0.601449281094922,0.6162722385664454,0.6136468522738245,0.5979271582309585,0.6105316442659174,0.6286276231313079,1.0,1.0,0.9998430524553571,1.0,1.0,0.9998692103794643,1.0,0.9999302455357143,0.9994332449776786
12,Calibrated hedging,control,13,0.5389941261056236,0.5681917340827669,0.46869103385247807,0.5411539555714882,0.5619081727540168,0.5107876163559137,0.5189220126928711,0.5222733230255318,0.44653575103759,1.0,1.0,1.0,1.0,1.0,0.9999215262276786,1.0,1.0,1.0
13,Ordinary politeness,control,13,0.6081200382738244,0.6143513379085319,0.6262327241001733,0.5999638184615501,0.6026838476095217,0.6074284205967716,0.6128465281255581,0.6187881325314621,0.6571067327954727,1.0,1.0,1.0,1.0,1.0,1.0,1.0,1.0,1.0
