train_position,eval_position,layer,ood_mean_auroc,ood_median_auroc,ood_frac_below_half,ood_n_scores,in_dist_test_mean_auroc,in_dist_test_min_auroc,in_dist_n_scores
last_prompt,last_prompt,3,0.5107357984532196,0.5088364744357569,0.42108843537414964,1470,0.9985301737882653,0.95660400390625,98
last_prompt,last_prompt,6,0.5069934437045331,0.5062695756388516,0.4557823129251701,1470,1.0,1.0,98
last_prompt,last_prompt,10,0.5465652177987429,0.5505987673707766,0.2693877551020408,1470,0.9999975087691326,0.999755859375,98
last_prompt,last_prompt,13,0.5780335405376289,0.587693147318803,0.2530612244897959,1470,1.0,1.0,98
last_prompt,last_prompt,16,0.5698569312312431,0.575286650762582,0.3081632653061224,1470,1.0,1.0,98
last_prompt,last_prompt,19,0.5624405047873428,0.5631559706173017,0.31564625850340133,1470,1.0,1.0,98
last_prompt,last_prompt,22,0.5463671842994486,0.5472389291887523,0.3469387755102041,1470,1.0,1.0,98
last_prompt,last_prompt,26,0.5455177979841056,0.539273116654069,0.345578231292517,1470,1.0,1.0,98
last_prompt,last_prompt,29,0.5406280081664544,0.5309878635874566,0.3619047619047619,1470,1.0,1.0,98
last_prompt,first5,3,0.5164707263106889,0.5184417493206921,0.42857142857142855,1470,0.7710789271763393,0.44415283203125,98
last_prompt,first5,6,0.5055543999882447,0.5094615488083156,0.45850340136054424,1470,0.897620999083227,0.443115234375,98
last_prompt,first5,10,0.550968881229089,0.5404010078317225,0.3081632653061224,1470,0.9790580905213648,0.699951171875,98
last_prompt,first5,13,0.5756273062389882,0.5666996133766214,0.3122448979591837,1470,0.9999869210379464,0.999755859375,98
last_prompt,first5,16,0.5697239871558145,0.561581284793895,0.32789115646258504,1470,0.999969482421875,0.99908447265625,98
last_prompt,first5,19,0.5664406546491285,0.5569713832349947,0.34217687074829933,1470,0.9999296227279975,0.99774169921875,98
last_prompt,first5,22,0.5664218510478701,0.5596039108983919,0.3122448979591837,1470,0.999641262755102,0.9915771484375,98
last_prompt,first5,26,0.554025387345261,0.5403465062531758,0.35306122448979593,1470,0.9996001574457908,0.9912109375,98
last_prompt,first5,29,0.5476044942129084,0.5299731049427232,0.37482993197278913,1470,0.9996094995615433,0.99066162109375,98
last_prompt,response,3,0.49324585830348494,0.5092055063139729,0.47006802721088436,1470,0.795745849609375,0.58746337890625,98
last_prompt,response,6,0.4921723374228689,0.49952084972153543,0.5040816326530613,1470,0.8446605448820153,0.60076904296875,98
last_prompt,response,10,0.5421521224546867,0.5412560933796455,0.35034013605442177,1470,0.9744960239955357,0.775146484375,98
last_prompt,response,13,0.583413860913083,0.5880851933823692,0.24557823129251702,1470,0.9977610062579719,0.9697265625,98
last_prompt,response,16,0.5665380757173339,0.5636327141987951,0.2646258503401361,1470,0.9994282625159439,0.98712158203125,98
last_prompt,response,19,0.5480493884479309,0.5500315706887292,0.3510204081632653,1470,0.9989069724569515,0.96612548828125,98
last_prompt,response,22,0.548635737906633,0.5570949123036983,0.38979591836734695,1470,0.9968062420280612,0.8846435546875,98
last_prompt,response,26,0.5390827745628923,0.5386576331503593,0.3925170068027211,1470,0.996833645567602,0.90557861328125,98
last_prompt,response,29,0.5318393785923942,0.5293993408835362,0.41020408163265304,1470,0.9945890465561225,0.85711669921875,98
first5,last_prompt,3,0.5135295766893845,0.5129588596363489,0.4,1470,0.9276017169563138,0.50189208984375,98
first5,last_prompt,6,0.513225022396551,0.5103999732905983,0.4448979591836735,1470,0.9931821239237882,0.64556884765625,98
first5,last_prompt,10,0.5350891247163533,0.5294360868699162,0.34965986394557824,1470,0.9992383061623087,0.9322509765625,98
first5,last_prompt,13,0.5623451078453763,0.5615878757354457,0.3163265306122449,1470,1.0,1.0,98
first5,last_prompt,16,0.5702536818463637,0.5758513990382514,0.33741496598639453,1470,1.0,1.0,98
first5,last_prompt,19,0.5740167792279417,0.5795426148825398,0.3081632653061224,1470,1.0,1.0,98
first5,last_prompt,22,0.5573224495050643,0.5423516581244004,0.3149659863945578,1470,1.0,1.0,98
first5,last_prompt,26,0.5651377549370966,0.5509973958466474,0.2931972789115646,1470,1.0,1.0,98
first5,last_prompt,29,0.5646890376698559,0.5444527717236713,0.2789115646258503,1470,1.0,1.0,98
first5,first5,3,0.5333411628925089,0.5317719595394437,0.3952380952380952,1470,0.9715949856505102,0.7469482421875,98
first5,first5,6,0.5462776749572319,0.544107457797934,0.3299319727891156,1470,0.9832396215322067,0.78021240234375,98
first5,first5,10,0.5554462821922814,0.5489545222898752,0.30272108843537415,1470,0.9941113530373087,0.8572998046875,98
first5,first5,13,0.5718986805816959,0.5702093223287885,0.3040816326530612,1470,0.9996026486766582,0.97906494140625,98
first5,first5,16,0.5680566548085677,0.5638086211895359,0.282312925170068,1470,0.9997571049904337,0.9873046875,98
first5,first5,19,0.5670349856431429,0.5535005668934241,0.31020408163265306,1470,0.9995621661750638,0.98004150390625,98
first5,first5,22,0.5593486335792488,0.541724702684748,0.31360544217687075,1470,0.9995571837133291,0.9837646484375,98
first5,first5,26,0.5634466479003386,0.5466653185839401,0.2965986394557823,1470,0.9995901925223214,0.98236083984375,98
first5,first5,29,0.5640509967220372,0.5472737488943884,0.3183673469387755,1470,0.9997334382971939,0.98785400390625,98
first5,response,3,0.5249808444200175,0.5285249742460828,0.3891156462585034,1470,0.9488544074856505,0.76385498046875,98
first5,response,6,0.5292356706599171,0.5321822463620345,0.3870748299319728,1470,0.9723753637197067,0.81036376953125,98
first5,response,10,0.5489935574580477,0.5507179169202647,0.2972789115646258,1470,0.9917203942123725,0.84710693359375,98
first5,response,13,0.5830451933785221,0.577061945425845,0.19727891156462585,1470,0.9995291573660714,0.97064208984375,98
first5,response,16,0.5628586706448696,0.5601647517531514,0.2673469387755102,1470,0.9997496312978317,0.99066162109375,98
first5,response,19,0.5561326348545451,0.5518704471037622,0.3034013605442177,1470,0.9993472975127551,0.9720458984375,98
first5,response,22,0.5540762121085576,0.5482875051004666,0.32857142857142857,1470,0.9988608846859056,0.95074462890625,98
first5,response,26,0.5578365470630433,0.5502994848689844,0.31768707482993197,1470,0.9986086475605868,0.93780517578125,98
first5,response,29,0.5543606204308786,0.5455928321301021,0.3408163265306122,1470,0.9992993413185587,0.9749755859375,98
response,last_prompt,3,0.5239211844589233,0.5207056711335215,0.35034013605442177,1470,0.8575408312739158,0.57037353515625,98
response,last_prompt,6,0.5114770630403918,0.5067942571543328,0.463265306122449,1470,0.9741154884805485,0.6683349609375,98
response,last_prompt,10,0.5420348356523073,0.5363029159037522,0.3034013605442177,1470,0.9992277184311225,0.93768310546875,98
response,last_prompt,13,0.583974485691642,0.5900690780135731,0.23469387755102042,1470,0.9999993771922832,0.99993896484375,98
response,last_prompt,16,0.5995790601508112,0.607059905161179,0.20068027210884354,1470,1.0,1.0,98
response,last_prompt,19,0.5948710849249069,0.5992383979510758,0.19523809523809524,1470,1.0,1.0,98
response,last_prompt,22,0.5827018336282896,0.5804039771408146,0.24149659863945577,1470,1.0,1.0,98
response,last_prompt,26,0.5800981732200979,0.5721765558075083,0.22993197278911565,1470,0.9999943947305485,0.999755859375,98
response,last_prompt,29,0.5822494053645462,0.5763760264878952,0.22312925170068026,1470,0.9999919034996811,0.99951171875,98
response,first5,3,0.5637493138864542,0.5579279663615979,0.24421768707482994,1470,0.8888661910076531,0.57373046875,98
response,first5,6,0.5719891272234809,0.5686524852058072,0.22857142857142856,1470,0.9249896613919005,0.641357421875,98
response,first5,10,0.5912705111622194,0.5843453832181051,0.21428571428571427,1470,0.9824891382334183,0.65740966796875,98
response,first5,13,0.5984289413383165,0.5890627966416382,0.22312925170068026,1470,0.997642672791773,0.85125732421875,98
response,first5,16,0.5985245192119609,0.5995025086414847,0.22653061224489796,1470,0.9983078314333546,0.884033203125,98
response,first5,19,0.595741921859733,0.5947272269407753,0.24353741496598638,1470,0.9978525589923469,0.88983154296875,98
response,first5,22,0.5899327394962441,0.5807443306359487,0.24285714285714285,1470,0.9974988042091837,0.891845703125,98
response,first5,26,0.5862832604357133,0.5735080123404737,0.24285714285714285,1470,0.997184909119898,0.89886474609375,98
response,first5,29,0.5880658732936023,0.5805995667092282,0.23945578231292516,1470,0.9982193927375638,0.90985107421875,98
response,response,3,0.5618750238655377,0.563052571081899,0.3040816326530612,1470,0.9890859175701531,0.82470703125,98
response,response,6,0.5651281120803452,0.5664577872390038,0.3006802721088435,1470,0.9921015525350765,0.8480224609375,98
response,response,10,0.5865476363972189,0.58561572939729,0.24013605442176872,1470,0.9957854601801658,0.86431884765625,98
response,response,13,0.5976637299685402,0.595101232273016,0.21496598639455783,1470,0.9986821388711735,0.90313720703125,98
response,response,16,0.5924191608960147,0.5959896071018651,0.24081632653061225,1470,0.9990502182318239,0.9222412109375,98
response,response,19,0.5830736682180135,0.5832657151564383,0.2680272108843537,1470,0.9991884815449618,0.949951171875,98
response,response,22,0.580692864996976,0.5818925936818156,0.27687074829931974,1470,0.9989941655373087,0.9405517578125,98
response,response,26,0.58187154122523,0.5816120045803121,0.2585034013605442,1470,0.9989518146125638,0.938720703125,98
response,response,29,0.5776835989925057,0.5742218795064894,0.27006802721088435,1470,0.9992644640864158,0.94732666015625,98
