position,layer,C=0.0001,C=0.001,C=0.01,C=0.1,C=1,C=10,DIM,logistic_range,logistic_sd,best_setting
last_prompt,3,0.512342572257742,0.5101051482477171,0.508417111937197,0.5078371311398503,0.5136953475484964,0.5136528407683006,0.5091004372732334,0.005858216408646144,0.002365739963319223,C=1
last_prompt,6,0.5078371237943904,0.508048411588012,0.5075518817991804,0.5064933428883174,0.5064554436924124,0.5064494781628167,0.5061184240066033,0.001598933425195237,0.0006885298193472383,C=0.001
last_prompt,10,0.5457442739820585,0.5426929173025359,0.5411890389274631,0.545786358659388,0.5493154652624374,0.5493040759775152,0.5519243944798036,0.00812642633497429,0.0030402025741135597,DIM
last_prompt,13,0.5754666738871275,0.5725118935976388,0.5730100092839968,0.580431113942312,0.5818668669681598,0.5818668669681598,0.5810813591160072,0.009354973370521047,0.0039979619220988916,C=1
last_prompt,16,0.5680214659630786,0.5648371291946107,0.5637511930096581,0.568544615987073,0.573694622312796,0.5737026060616389,0.5764468860898463,0.009951413051980773,0.0038697270791014757,DIM
last_prompt,19,0.5618034363384239,0.5587951995482408,0.5567609261468883,0.5602891517864603,0.5661269223431569,0.5661270663136534,0.5671808310345754,0.009366140166765069,0.003512248438371663,DIM
last_prompt,22,0.5468019518947378,0.545257060243823,0.5438919446631351,0.5456594480991184,0.5464937952867086,0.5465074930778024,0.5499585968308154,0.0029100072316027292,0.0009945777692230765,DIM
last_prompt,26,0.5466102623963526,0.5454035538749289,0.5444032576157791,0.5441609868537699,0.5459164663573473,0.5459209951483215,0.5462090636422396,0.002449275542582674,0.0008690540778380904,C=0.0001
last_prompt,29,0.5416252839240314,0.5407912322981074,0.5400252954642549,0.5399341530716717,0.5393407727803277,0.5393525893494436,0.5433267302773438,0.00228451114370376,0.0008099090971489523,DIM
first5,3,0.5408180474202334,0.5381527686822704,0.5329514091455727,0.5276041910871447,0.5246905681659935,0.5264487043137558,0.5427224514325915,0.016127479254239963,0.006052420791156149,DIM
first5,6,0.5487510882947894,0.5497507892164848,0.5468802926045949,0.5428544194964225,0.5412854076060226,0.5483032655566765,0.5461184619256323,0.008465381610462175,0.0031433434418194836,C=0.001
first5,10,0.564429561446689,0.5606256208186938,0.5549804171373828,0.5504660969199495,0.5485309251866954,0.5491785485492165,0.5599128052873436,0.015898636259993548,0.00600452338483949,C=0.0001
first5,13,0.5758994779134016,0.5722736371122531,0.5672097071708541,0.5627155775569871,0.5760863193437287,0.575452284070126,0.5736537609045194,0.01337074178674158,0.005035107681131275,C=1
first5,16,0.5688655978348149,0.5706256134845012,0.5703789757385361,0.5682064036385667,0.5680506081103871,0.568156586218152,0.5621127986350161,0.0025750053741141476,0.0010639017701700403,C=0.001
first5,19,0.5687830416917684,0.5717706978251916,0.5731694678026816,0.5712306469804282,0.563399213375973,0.5631810364538522,0.5577107953721044,0.00998843134882943,0.003964420769107141,C=0.01
first5,22,0.562609706913856,0.5646430234480116,0.5658561192948791,0.5649578349569706,0.552760950143827,0.5520972660783666,0.5525155342188308,0.01375885321651249,0.005783218582114266,C=0.01
first5,26,0.5646292659794951,0.5667069815071424,0.5677776313374974,0.567438776804974,0.5636480819019143,0.5631792043652586,0.5507465934060881,0.004598426972238778,0.0018235988143837395,C=0.01
first5,29,0.5636018299449993,0.565920267025005,0.5670406052709435,0.5671544492502633,0.5628765925337407,0.5628436138042663,0.5589196192250412,0.0043108354459969744,0.0018580272693236026,C=0.1
response,3,0.5662152666192444,0.5650077492135412,0.5630577102016818,0.5623941211633142,0.5652257275943331,0.5654055509516898,0.5458190413149585,0.0038211454559301528,0.001356832009674185,C=0.0001
response,6,0.5720154220269447,0.5683171813007222,0.5641908031403123,0.5617395373822514,0.5668033164405172,0.5656447109592816,0.5571858133123866,0.010275884644693312,0.003228157879158806,C=0.0001
response,10,0.5920676033881659,0.5892352206155906,0.5860561734710296,0.5841710363622931,0.5918261755763052,0.5911933781476755,0.5712838672194712,0.007896567025872825,0.003005504914254403,C=0.0001
response,13,0.6073806080107157,0.6012440699999546,0.5962569841778476,0.5933821977926486,0.6000263076866696,0.5977669548654163,0.5875889872465295,0.013998410218067137,0.004401187222802722,C=0.0001
response,16,0.5990976028467427,0.5943473260087115,0.590612793370592,0.5885273354346355,0.5936003228691998,0.5926508471471731,0.5880978985950482,0.010570267412107204,0.003293055339061316,C=0.0001
response,19,0.5888550107193833,0.5842389315009655,0.5810388603916155,0.578211902450082,0.5853513092773405,0.584582260633461,0.5792374025532466,0.01064310826930126,0.0033558318989809414,C=0.0001
response,22,0.5880293371405477,0.5817283222919688,0.577084429234699,0.5744134815392629,0.5833045715708329,0.5812933266344388,0.578996586567082,0.013615855601284865,0.004359844529019795,C=0.0001
response,26,0.5872470408219785,0.5809498611012817,0.5765038159414024,0.5736771146877058,0.5843664131461127,0.58191289460868,0.5884436482694487,0.01356992613427277,0.004559494160616968,DIM
response,29,0.5800975861330044,0.5758367060709212,0.5722780693867714,0.5700641271515502,0.5804335129457057,0.5794738335072706,0.585601357752317,0.010369385794155472,0.004017315256831816,DIM
