setting,position,layer,mean_auroc,median_auroc,sd_auroc,mean_rank,win_share,frac_below_half,mean_val_auroc,mean_test_auroc,n_scores
C=0.0001,response,13,0.6073806080107157,0.6027079425832765,0.14771580749690894,64.32619047619048,0.047619047619047616,0.2,0.9992327008928571,0.9993460518973214,210
C=0.001,response,13,0.6012440699999546,0.5945712200328392,0.1417346884776698,67.92142857142858,0.009523809523809525,0.19523809523809524,1.0,0.9999651227678571,210
C=1,response,13,0.6000263076866696,0.5955758495268029,0.14525477857645389,68.88095238095238,0.014285714285714285,0.21428571428571427,1.0,0.9999956403459821,210
C=0.0001,response,16,0.5990976028467427,0.6041421306394889,0.13638613919349632,69.13571428571429,0.014285714285714285,0.22380952380952382,0.9997384207589286,0.9996337890625,210
C=10,response,13,0.5977669548654163,0.5948775560934942,0.14609592962476659,70.37380952380953,0.01904761904761905,0.21428571428571427,1.0,0.9999956403459821,210
C=0.001,response,16,0.5943473260087115,0.5997956619110415,0.13394393641757463,70.97142857142858,0.0,0.24285714285714285,1.0,0.9999651227678571,210
C=0.01,response,13,0.5962569841778476,0.5906593380629723,0.1365012361518188,71.4452380952381,0.004761904761904762,0.19523809523809524,1.0,1.0,210
C=1,response,16,0.5936003228691998,0.5936778127169791,0.13470493102903577,71.74285714285715,0.004761904761904762,0.22380952380952382,1.0,0.9999912806919643,210
C=10,response,16,0.5926508471471731,0.5931608539749744,0.13568978739162854,72.2547619047619,0.004761904761904762,0.22380952380952382,1.0,0.9999825613839286,210
C=0.01,response,16,0.590612793370592,0.5951189508142032,0.13187952739867956,73.96428571428571,0.0,0.24285714285714285,1.0,0.9999912806919643,210
C=0.1,response,13,0.5933821977926486,0.5885810708002899,0.13344058515117374,74.1952380952381,0.02857142857142857,0.22857142857142856,1.0,1.0,210
C=1,response,10,0.5918261755763052,0.5825805790939894,0.13948914296922008,74.31190476190476,0.0,0.20476190476190476,0.9991106305803571,0.9993416922433036,210
C=10,response,10,0.5911933781476755,0.5820775486468326,0.13897884947716926,74.85952380952381,0.014285714285714285,0.20476190476190476,0.9991629464285714,0.9992893763950893,210
DIM,response,16,0.5880978985950482,0.5972537163013354,0.13995886032244356,75.30238095238096,0.01904761904761905,0.2714285714285714,0.9929024832589286,0.9937918526785714,210
C=0.1,response,16,0.5885273354346355,0.5880791869712094,0.13035683817139124,75.31666666666666,0.023809523809523808,0.2571428571428571,1.0,0.9999956403459821,210
DIM,response,13,0.5875889872465295,0.595751849648173,0.1495070167480146,75.71904761904761,0.004761904761904762,0.2571428571428571,0.9904261997767857,0.9914725167410714,210
C=0.0001,response,10,0.5920676033881659,0.5944920219677678,0.153696897119407,76.4047619047619,0.047619047619047616,0.2619047619047619,0.9918387276785714,0.9937177385602679,210
C=0.001,response,10,0.5892352206155906,0.5949260366058464,0.14594686146775512,76.9452380952381,0.004761904761904762,0.2571428571428571,0.9977329799107143,0.9979771205357143,210
C=0.0001,response,19,0.5888550107193833,0.5883263121240052,0.13802094781804705,77.81428571428572,0.004761904761904762,0.2619047619047619,0.99951171875,0.9992196219308036,210
C=0.0001,response,26,0.5872470408219785,0.5825978926848492,0.13088399113006913,78.30952380952381,0.009523809523809525,0.2523809523809524,0.9994768415178571,0.9992457798549107,210
C=0.0001,response,22,0.5880293371405477,0.59228214687668,0.13554242047942155,78.48095238095237,0.0,0.2619047619047619,0.9990234375,0.9990365164620536,210
DIM,response,26,0.5884436482694487,0.5858792386140175,0.12674747800414815,78.48571428571428,0.023809523809523808,0.22857142857142856,0.9929547991071429,0.9942975725446429,210
C=0.01,response,10,0.5860561734710296,0.5832905078812032,0.14015045627091754,78.63333333333334,0.0,0.23333333333333334,0.9990059988839286,0.9990190778459821,210
C=1,response,19,0.5853513092773405,0.5920007842368396,0.13705495745650964,78.78095238095239,0.0,0.2619047619047619,1.0,0.9998256138392857,210
C=0.1,response,10,0.5841710363622931,0.5773700242413421,0.1374013164960686,79.55714285714286,0.0,0.22857142857142856,0.9991280691964286,0.9992544991629464,210
C=10,response,19,0.584582260633461,0.5856918137965519,0.13684619402152573,79.73571428571428,0.014285714285714285,0.24761904761904763,1.0,0.9998910086495536,210
C=1,response,26,0.5843664131461127,0.587631795785747,0.12935220179820012,80.16428571428571,0.0,0.2571428571428571,1.0,0.9998430524553571,210
C=0.001,response,19,0.5842389315009655,0.5868963380388783,0.1359242618124155,80.44761904761904,0.004761904761904762,0.28095238095238095,1.0,0.9997602190290179,210
DIM,response,29,0.585601357752317,0.5809041476472394,0.12975896828721822,80.45714285714286,0.03333333333333333,0.23333333333333334,0.9937046595982143,0.9952872140066964,210
C=1,response,22,0.5833045715708329,0.5828405975079873,0.13406142947879326,81.35,0.0,0.28095238095238095,1.0,0.9998866489955357,210
C=10,response,26,0.58191289460868,0.5846296096256322,0.13004696446046898,82.46904761904761,0.004761904761904762,0.2619047619047619,1.0,0.9998779296875,210
C=0.01,response,19,0.5810388603916155,0.581002670293571,0.1342860099325841,82.75,0.0,0.2619047619047619,1.0,0.9998299734933036,210
C=0.0001,response,29,0.5800975861330044,0.5783710031288836,0.1313581064399204,82.85952380952381,0.004761904761904762,0.28095238095238095,0.9996512276785714,0.9997340611049107,210
C=10,response,22,0.5812933266344388,0.5833315966977584,0.13487293277277906,83.03095238095239,0.0,0.2714285714285714,1.0,0.999908447265625,210
C=0.001,response,26,0.5809498611012817,0.5817803026216688,0.12995016343651,83.45238095238095,0.0,0.2619047619047619,0.9999651227678571,0.9997297014508929,210
C=0.001,response,22,0.5817283222919688,0.5850740563586208,0.13359884219492338,83.59761904761905,0.0,0.2761904761904762,0.9999128069196429,0.9997209821428571,210
C=1,last_prompt,13,0.5818668669681598,0.5902841811897461,0.11146615992043629,83.6595238095238,0.011904761904761904,0.23809523809523808,1.0,1.0,210
C=10,last_prompt,13,0.5818668669681598,0.5902841811897461,0.11146615992043629,83.6595238095238,0.011904761904761904,0.23809523809523808,1.0,1.0,210
DIM,last_prompt,13,0.5810813591160072,0.593461986723711,0.11057528919184154,83.8,0.014285714285714285,0.24761904761904763,1.0,1.0,210
C=1,response,29,0.5804335129457057,0.5752561802865682,0.12772056645594676,84.02142857142857,0.0,0.24761904761904763,1.0,0.9999520438058036,210
DIM,response,19,0.5792374025532466,0.5814891161235304,0.13670085765682455,84.46666666666667,0.0,0.2761904761904762,0.9949079241071429,0.9959019252232143,210
DIM,last_prompt,16,0.5764468860898463,0.5878813249948243,0.11870454292002038,84.70476190476191,0.014285714285714285,0.2761904761904762,1.0,1.0,210
C=0.1,response,19,0.578211902450082,0.5767913808123514,0.13262985253492474,84.93809523809524,0.004761904761904762,0.2857142857142857,1.0,0.9998910086495536,210
C=10,response,29,0.5794738335072706,0.5766456678602166,0.12839495351530825,85.19761904761904,0.01904761904761905,0.2571428571428571,1.0,0.999969482421875,210
C=0.1,last_prompt,13,0.580431113942312,0.589555089407346,0.11125724573099902,85.29523809523809,0.004761904761904762,0.24761904761904763,1.0,1.0,210
C=1,first5,13,0.5760863193437287,0.5738368778897507,0.1362253101470235,85.4095238095238,0.009523809523809525,0.29523809523809524,1.0,0.9999956403459821,210
DIM,response,22,0.578996586567082,0.5779101102910693,0.1311670433105941,85.44761904761904,0.004761904761904762,0.2714285714285714,0.9937220982142857,0.9946812220982143,210
C=10,first5,13,0.575452284070126,0.5765413213555115,0.13676681174419797,85.71904761904761,0.014285714285714285,0.3047619047619048,1.0,0.9999956403459821,210
C=0.0001,first5,13,0.5758994779134016,0.5708099695580389,0.13608737735206483,86.20952380952382,0.014285714285714285,0.2761904761904762,1.0,1.0,210
C=0.001,response,29,0.5758367060709212,0.5701045328829305,0.12917282329139523,86.62619047619047,0.0,0.2857142857142857,0.9999825613839286,0.9999607631138393,210
DIM,first5,13,0.5736537609045194,0.5782373235968721,0.13829737900216169,86.83809523809524,0.023809523809523808,0.29523809523809524,0.9969133649553571,0.9972272600446429,210
C=10,last_prompt,16,0.5737026060616389,0.5829818435303838,0.12163655895675302,86.86428571428571,0.013492063492063493,0.3047619047619048,1.0,1.0,210
C=1,last_prompt,16,0.573694622312796,0.5829818435303838,0.12163182507146325,86.91666666666667,0.013492063492063493,0.3047619047619048,1.0,1.0,210
C=0.001,first5,13,0.5722736371122531,0.5703788119707759,0.1363338736011613,87.33333333333333,0.0,0.30952380952380953,1.0,1.0,210
C=0.01,response,26,0.5765038159414024,0.577500961177294,0.12947222529874128,87.4047619047619,0.004761904761904762,0.2761904761904762,1.0,0.9998125348772321,210
C=0.01,response,22,0.577084429234699,0.5798981902102336,0.1323518729646802,87.60714285714286,0.0,0.2857142857142857,1.0,0.9998343331473214,210
C=0.01,first5,19,0.5731694678026816,0.5590532869489924,0.1266553006298613,87.66666666666667,0.004761904761904762,0.30952380952380953,1.0,1.0,210
C=0.001,first5,16,0.5706256134845012,0.5631778325740158,0.12427343174375842,87.92619047619047,0.0,0.2714285714285714,1.0,1.0,210
DIM,response,10,0.5712838672194712,0.5831385321164766,0.15037840867280108,88.28095238095239,0.009523809523809525,0.2904761904761905,0.9810616629464286,0.9818987165178571,210
C=0.01,first5,16,0.5703789757385361,0.5635504561502316,0.12228111837314118,88.5904761904762,0.0,0.2761904761904762,1.0,1.0,210
C=0.001,first5,19,0.5717706978251916,0.555379401843717,0.12641519911662333,88.9,0.0,0.3,1.0,1.0,210
C=0.0001,response,6,0.5720154220269447,0.5769580563958927,0.13490473593326172,88.95,0.014285714285714285,0.2761904761904762,0.9852120535714286,0.9886431012834821,210
C=0.1,response,22,0.5744134815392629,0.5766987826616558,0.1315715466799094,89.0,0.0,0.2904761904761905,1.0,0.9998910086495536,210
C=0.1,response,26,0.5736771146877058,0.5764852734309287,0.1292230477244455,89.08333333333333,0.009523809523809525,0.2714285714285714,1.0,0.9998561314174107,210
C=0.1,first5,19,0.5712306469804282,0.5573729675624014,0.12642821262200182,89.11904761904762,0.0,0.3142857142857143,1.0,1.0,210
C=0.0001,last_prompt,13,0.5754666738871275,0.5858447391544346,0.10976555417375398,89.33571428571429,0.0,0.2619047619047619,1.0,1.0,210
C=0.0001,first5,16,0.5688655978348149,0.5621020989054875,0.12452555795425439,89.76428571428572,0.0,0.2619047619047619,1.0,1.0,210
C=0.1,first5,16,0.5682064036385667,0.5589891089884323,0.1222704746342105,89.82857142857142,0.009523809523809525,0.28095238095238095,1.0,1.0,210
C=0.01,response,29,0.5722780693867714,0.5656802518968431,0.12880720712828647,89.86428571428571,0.0,0.29523809523809524,1.0,0.9999738420758929,210
C=10,first5,16,0.568156586218152,0.564337574932958,0.1268526507262137,89.88571428571429,0.002380952380952381,0.2857142857142857,1.0,1.0,210
C=0.01,first5,13,0.5672097071708541,0.563475009084214,0.13467069691209552,90.05714285714286,0.004761904761904762,0.3238095238095238,1.0,1.0,210
C=1,first5,16,0.5680506081103871,0.5653397883469407,0.12700990255901537,90.17380952380952,0.002380952380952381,0.2857142857142857,1.0,1.0,210
C=0.1,last_prompt,16,0.568544615987073,0.5726942191163853,0.12185889610076556,90.72380952380952,0.006349206349206349,0.319047619047619,1.0,1.0,210
C=0.0001,first5,10,0.564429561446689,0.5560304318728926,0.116673844426426,91.13571428571429,0.004761904761904762,0.26666666666666666,0.9981166294642857,0.9986092703683036,210
C=0.0001,first5,19,0.5687830416917684,0.5542546273116418,0.1248405322039402,91.18809523809524,0.0,0.3,0.9999651227678571,0.9999956403459821,210
C=0.01,last_prompt,13,0.5730100092839968,0.584804373847601,0.10939117207530727,91.33809523809524,0.004761904761904762,0.2714285714285714,1.0,1.0,210
C=0.0001,last_prompt,16,0.5680214659630786,0.5728606779866467,0.12171805683851984,91.46904761904761,0.0,0.30952380952380953,1.0,1.0,210
C=0.001,response,6,0.5683171813007222,0.5720716100821868,0.12989244291534158,91.56190476190476,0.004761904761904762,0.3,0.9915945870535714,0.9939967564174107,210
C=0.1,response,29,0.5700641271515502,0.5640386125493784,0.1284826191017834,91.73571428571428,0.0,0.2904761904761905,1.0,0.9999738420758929,210
C=10,last_prompt,19,0.5661270663136534,0.5665884922118225,0.12140930168081951,91.88095238095238,0.011904761904761904,0.3,1.0,1.0,210
C=1,last_prompt,19,0.5661269223431569,0.5665884922118225,0.12140919953416272,91.9,0.011904761904761904,0.3,1.0,1.0,210
DIM,last_prompt,19,0.5671808310345754,0.5691133746322404,0.1194113835314603,92.00238095238095,0.0,0.30952380952380953,1.0,1.0,210
C=0.001,last_prompt,13,0.5725118935976388,0.5830282572613328,0.10885571325852382,92.03809523809524,0.009523809523809525,0.26666666666666666,1.0,1.0,210
C=0.01,first5,26,0.5677776313374974,0.5467295488265633,0.12026318970685303,92.3047619047619,0.0,0.2761904761904762,1.0,1.0,210
C=0.1,first5,26,0.567438776804974,0.547344136737344,0.12114764349631273,93.08333333333333,0.004761904761904762,0.3,1.0,1.0,210
C=0.001,first5,26,0.5667069815071424,0.5474442604451217,0.12021681011086295,93.29761904761905,0.0,0.2857142857142857,1.0,1.0,210
C=0.1,first5,13,0.5627155775569871,0.5582877416854252,0.1363107641947797,93.31904761904762,0.01904761904761905,0.3238095238095238,1.0,1.0,210
C=0.0001,response,3,0.5662152666192444,0.5715070535115663,0.12893244081849684,93.77142857142857,0.009523809523809525,0.3,0.9842703683035714,0.9868033272879464,210
C=1,response,6,0.5668033164405172,0.5678681473806957,0.12338895111524029,94.13571428571429,0.0,0.3047619047619048,0.9945940290178571,0.9971749441964286,210
C=0.1,first5,29,0.5671544492502633,0.5509299502894318,0.12266717234422882,94.2452380952381,0.009523809523809525,0.32857142857142857,1.0,1.0,210
C=0.01,first5,29,0.5670406052709435,0.5490735102218356,0.122379631775726,94.27857142857142,0.0,0.30952380952380953,1.0,1.0,210
C=0.01,first5,22,0.5658561192948791,0.540767360729463,0.12403585133432862,94.34285714285714,0.009523809523809525,0.30952380952380953,1.0,1.0,210
C=0.001,last_prompt,16,0.5648371291946107,0.5672758674289854,0.12200172285447922,94.34761904761905,0.004761904761904762,0.3238095238095238,1.0,1.0,210
DIM,first5,16,0.5621127986350161,0.5637764915895787,0.13598609691376104,94.55,0.004761904761904762,0.3142857142857143,0.99853515625,0.9982997349330357,210
C=0.001,first5,10,0.5606256208186938,0.5503988397613551,0.11324537170848294,94.69285714285714,0.0,0.2714285714285714,0.9998430524553571,0.9998256138392857,210
C=0.0001,first5,26,0.5646292659794951,0.5478629992953099,0.12023781155127668,94.75,0.0,0.2857142857142857,0.9999825613839286,0.9999956403459821,210
C=1,response,3,0.5652257275943331,0.5640799473585715,0.1238645207850806,94.77857142857142,0.0,0.3,0.9926932198660714,0.9937874930245536,210
C=0.001,response,3,0.5650077492135412,0.5623356919005953,0.1272664477137978,94.79761904761905,0.0,0.3142857142857143,0.9896589006696429,0.9915379115513393,210
C=10,response,6,0.5656447109592816,0.5663282113629905,0.12147267088473197,94.82619047619048,0.0,0.29523809523809524,0.9939836774553571,0.9965079171316964,210
C=0.001,first5,29,0.565920267025005,0.547374203285093,0.12317879700318764,94.83333333333333,0.0,0.3238095238095238,1.0,1.0,210
C=10,response,3,0.5654055509516898,0.5613737629845325,0.12285083317917124,94.83333333333333,0.004761904761904762,0.29523809523809524,0.991455078125,0.9930855887276786,210
C=0.1,first5,22,0.5649578349569706,0.5444101594856695,0.12459985329029513,94.92142857142858,0.004761904761904762,0.30952380952380953,1.0,1.0,210
C=0.01,last_prompt,16,0.5637511930096581,0.5699434879482671,0.12196822327629794,94.92380952380952,0.0,0.319047619047619,1.0,1.0,210
DIM,first5,10,0.5599128052873436,0.5579930449979451,0.12142138288486615,94.97380952380952,0.004761904761904762,0.3,0.9615827287946429,0.96075439453125,210
C=0.01,response,6,0.5641908031403123,0.5595513332463524,0.12555597853248418,95.0,0.0,0.3047619047619048,0.9941929408482143,0.9963248116629464,210
C=0.001,first5,22,0.5646430234480116,0.5494217530092262,0.12356108025714421,95.02619047619048,0.0,0.3,1.0,1.0,210
C=0.0001,last_prompt,19,0.5618034363384239,0.5629248400891362,0.1205337124286088,95.20714285714286,0.0,0.30952380952380953,1.0,1.0,210
C=1,first5,19,0.563399213375973,0.5503641604669849,0.12303586397646378,95.57142857142857,0.0,0.3142857142857143,1.0,1.0,210
C=10,first5,19,0.5631810364538522,0.5495977998300945,0.12319776097034141,95.63333333333334,0.004761904761904762,0.3142857142857143,1.0,1.0,210
C=0.0001,first5,29,0.5636018299449993,0.5445789287438736,0.12371227124231853,96.71428571428571,0.0,0.3047619047619048,1.0,1.0,210
C=0.01,response,3,0.5630577102016818,0.5628487027609674,0.12497058092870743,96.75952380952381,0.0,0.3,0.9916294642857143,0.9930899483816964,210
C=0.0001,first5,22,0.562609706913856,0.5441738915867171,0.12280219685949194,96.79285714285714,0.0,0.29523809523809524,0.9999476841517857,0.9999956403459821,210
C=0.1,last_prompt,19,0.5602891517864603,0.5584215193363777,0.11931389568042104,96.80952380952381,0.004761904761904762,0.3238095238095238,1.0,1.0,210
C=1,first5,26,0.5636480819019143,0.5490691689076515,0.11859557794206478,96.96904761904761,0.004761904761904762,0.3047619047619048,1.0,1.0,210
C=0.1,response,6,0.5617395373822514,0.5512891172746217,0.12307149959336355,97.37380952380953,0.0,0.3047619047619048,0.9946812220982143,0.9970179966517857,210
C=0.1,response,3,0.5623941211633142,0.5585916255372725,0.12372510354800875,97.4047619047619,0.0,0.3,0.9924490792410714,0.9936697823660714,210
C=10,first5,26,0.5631792043652586,0.5470401907915226,0.11875028878321477,97.44285714285714,0.0,0.3047619047619048,1.0,1.0,210
DIM,response,6,0.5571858133123866,0.5658133187424574,0.13449862510790817,97.59761904761905,0.014285714285714285,0.319047619047619,0.9724993024553571,0.9750453404017857,210
C=1,first5,29,0.5628765925337407,0.5504056359382448,0.12244792231396606,97.63095238095238,0.0,0.3238095238095238,1.0,1.0,210
C=10,first5,29,0.5628436138042663,0.5481504567769466,0.12239435005843056,97.66666666666667,0.0,0.319047619047619,1.0,1.0,210
C=0.001,last_prompt,19,0.5587951995482408,0.5584155616384467,0.12034079426710757,97.8952380952381,0.004761904761904762,0.32857142857142857,1.0,1.0,210
DIM,last_prompt,10,0.5519243944798036,0.561147440533029,0.07226429607503056,98.14285714285714,0.004761904761904762,0.24761904761904763,0.9999825613839286,0.9999825613839286,210
DIM,first5,19,0.5577107953721044,0.5482467909338328,0.12774281454767067,98.63095238095238,0.004761904761904762,0.319047619047619,0.9972970145089286,0.9969395228794643,210
DIM,first5,29,0.5589196192250412,0.5413501097622719,0.121340233431772,99.35952380952381,0.0,0.319047619047619,0.9988141741071429,0.9981340680803571,210
C=0.01,last_prompt,19,0.5567609261468883,0.5567557042496297,0.12019747407962635,99.44047619047619,0.0,0.3380952380952381,1.0,1.0,210
C=1,last_prompt,10,0.5493154652624374,0.5511930064109247,0.07130710035997377,99.55952380952381,0.009523809523809525,0.2619047619047619,1.0,1.0,210
C=10,last_prompt,10,0.5493040759775152,0.5511540777282713,0.07130698298076645,99.63571428571429,0.009523809523809525,0.2619047619047619,1.0,1.0,210
C=0.01,first5,10,0.5549804171373828,0.548603167055173,0.10868843734335712,99.94761904761904,0.0,0.29523809523809524,0.9999651227678571,0.9998866489955357,210
C=0.001,first5,6,0.5497507892164848,0.5494928326726025,0.1064726135006759,100.50238095238095,0.009523809523809525,0.32857142857142857,0.9955357142857143,0.9966866629464286,210
C=10,first5,10,0.5491785485492165,0.5383591734236671,0.11220856233315922,100.85714285714286,0.0,0.3380952380952381,0.9996861049107143,0.9998866489955357,210
C=1,first5,10,0.5485309251866954,0.5345903101696929,0.11202582065910915,101.33809523809524,0.009523809523809525,0.319047619047619,0.9997035435267857,0.999908447265625,210
C=0.0001,first5,6,0.5487510882947894,0.5490466156082645,0.10893717948059531,101.36190476190477,0.009523809523809525,0.3476190476190476,0.9725341796875,0.977691650390625,210
C=0.0001,last_prompt,10,0.5457442739820585,0.549983503009077,0.06889143522937546,101.73571428571428,0.0,0.2619047619047619,1.0,1.0,210
C=0.1,last_prompt,10,0.545786358659388,0.5476746350397087,0.07112678772875994,102.07380952380953,0.009523809523809525,0.2857142857142857,1.0,1.0,210
C=0.01,first5,6,0.5468802926045949,0.5457262246299667,0.10437698387537712,102.50714285714285,0.0,0.319047619047619,0.9984828404017857,0.9983607700892857,210
C=10,first5,6,0.5483032655566765,0.5404332944381889,0.10541199153537259,102.68809523809524,0.023809523809523808,0.30952380952380953,0.9985177176339286,0.9979509626116071,210
DIM,first5,6,0.5461184619256323,0.5386251272357132,0.10314835086171767,103.12380952380953,0.014285714285714285,0.3333333333333333,0.9102783203125,0.9147513253348214,210
C=0.1,first5,10,0.5504660969199495,0.5441640552660203,0.10436464396138047,103.49285714285715,0.004761904761904762,0.32857142857142857,0.9999825613839286,0.999908447265625,210
DIM,first5,22,0.5525155342188308,0.5411170361755635,0.1254544907938166,103.82380952380953,0.004761904761904762,0.3333333333333333,0.9975760323660714,0.9969046456473214,210
C=0.001,last_prompt,10,0.5426929173025359,0.5484101035520657,0.0680513917092751,104.07857142857142,0.0,0.2761904761904762,1.0,1.0,210
DIM,first5,3,0.5427224514325915,0.541711425544202,0.09757067270294842,104.09761904761905,0.004761904761904762,0.3142857142857143,0.8744594029017857,0.8894696916852679,210
DIM,first5,26,0.5507465934060881,0.5370340566139051,0.12211926249608851,104.22857142857143,0.004761904761904762,0.319047619047619,0.9979945591517857,0.9971357073102679,210
C=0.1,first5,6,0.5428544194964225,0.5406938410029982,0.10331415829269232,104.41428571428571,0.004761904761904762,0.32857142857142857,0.9990757533482143,0.9986310686383929,210
C=1,first5,22,0.552760950143827,0.5351709630546448,0.1173476071480949,104.62380952380953,0.0,0.3238095238095238,0.9999651227678571,1.0,210
C=0.01,last_prompt,10,0.5411890389274631,0.5455629262649065,0.06769117834127945,104.86666666666666,0.0,0.2904761904761905,1.0,1.0,210
C=0.0001,first5,3,0.5408180474202334,0.5449546024481928,0.10493967447934699,105.01190476190476,0.004761904761904762,0.3619047619047619,0.9389997209821429,0.9546683175223214,210
DIM,response,3,0.5458190413149585,0.5602182294989133,0.12462443198181537,105.14761904761905,0.004761904761904762,0.319047619047619,0.9695870535714286,0.9716273716517857,210
C=10,first5,22,0.5520972660783666,0.5344967971275053,0.11804945944984968,105.27380952380952,0.0,0.3238095238095238,0.9999651227678571,1.0,210
C=1,first5,6,0.5412854076060226,0.5345447041288499,0.10088448920258118,106.04761904761905,0.0,0.34285714285714286,0.9989362444196429,0.9986049107142857,210
C=0.0001,last_prompt,26,0.5466102623963526,0.5389266817838245,0.1124768163483482,106.3547619047619,0.0,0.3476190476190476,1.0,1.0,210
DIM,last_prompt,22,0.5499585968308154,0.5498618879804972,0.11175679617254528,106.56666666666666,0.004761904761904762,0.32857142857142857,1.0,1.0,210
C=0.001,last_prompt,26,0.5454035538749289,0.5418272016227386,0.11276804664012571,106.77857142857142,0.0,0.3476190476190476,1.0,1.0,210
C=0.0001,last_prompt,22,0.5468019518947378,0.5487014573840198,0.11341724995509174,107.03809523809524,0.0,0.34285714285714286,1.0,1.0,210
C=10,last_prompt,22,0.5465074930778024,0.5449071211335257,0.11402907469830427,107.25952380952381,0.007142857142857143,0.34285714285714286,1.0,1.0,210
C=1,last_prompt,22,0.5464937952867086,0.5449071211335257,0.114026968569691,107.36904761904762,0.002380952380952381,0.34285714285714286,1.0,1.0,210
DIM,last_prompt,26,0.5462090636422396,0.5358451212116245,0.10943114302280026,107.5,0.0,0.3238095238095238,1.0,1.0,210
C=0.1,last_prompt,22,0.5456594480991184,0.5427882376653252,0.11173210241200644,107.53809523809524,0.0,0.3523809523809524,1.0,1.0,210
C=0.01,last_prompt,26,0.5444032576157791,0.5429373822297936,0.11277272164394643,107.55238095238096,0.004761904761904762,0.35714285714285715,1.0,1.0,210
C=0.001,first5,3,0.5381527686822704,0.5314783320735701,0.1085095250028123,107.66666666666667,0.0,0.37142857142857144,0.9685407366071429,0.97869873046875,210
C=10,last_prompt,26,0.5459209951483215,0.5345574422913102,0.11348141991644245,107.76904761904763,0.004761904761904762,0.34285714285714286,1.0,1.0,210
C=1,last_prompt,26,0.5459164663573473,0.5345574422913102,0.11348152157871907,107.83095238095238,0.004761904761904762,0.34285714285714286,1.0,1.0,210
C=0.1,last_prompt,26,0.5441609868537699,0.5406095327244824,0.1124977485799261,107.89047619047619,0.0,0.35714285714285715,1.0,1.0,210
C=0.001,last_prompt,22,0.545257060243823,0.5490210451369381,0.11347779903261321,108.36190476190477,0.0,0.35714285714285715,1.0,1.0,210
DIM,last_prompt,29,0.5433267302773438,0.5368281872411351,0.10578985703690288,108.94761904761904,0.0,0.3333333333333333,1.0,1.0,210
C=0.01,last_prompt,22,0.5438919446631351,0.5465821917103528,0.11322245535532477,109.20714285714286,0.0,0.3619047619047619,1.0,1.0,210
C=0.0001,last_prompt,29,0.5416252839240314,0.5320925502147785,0.10893621318190942,109.79761904761905,0.0,0.36666666666666664,1.0,1.0,210
C=0.001,last_prompt,29,0.5407912322981074,0.5312539382750304,0.10905495424012646,110.31904761904762,0.0,0.36666666666666664,1.0,1.0,210
C=0.01,last_prompt,29,0.5400252954642549,0.5278001270568651,0.10907739353533567,110.82380952380953,0.004761904761904762,0.37142857142857144,1.0,1.0,210
C=0.1,last_prompt,29,0.5399341530716717,0.5263318822603813,0.10812694578389548,111.29761904761905,0.0015873015873015873,0.37142857142857144,1.0,1.0,210
C=0.01,first5,3,0.5329514091455727,0.5266593922376746,0.10790070250020892,111.96190476190476,0.0,0.4,0.9882986886160714,0.9928240094866071,210
C=10,last_prompt,29,0.5393525893494436,0.5285964171739692,0.11025165783676014,112.20476190476191,0.0015873015873015873,0.3619047619047619,1.0,1.0,210
C=1,last_prompt,29,0.5393407727803277,0.5285187708358025,0.11025292599842076,112.25714285714285,0.0015873015873015873,0.3619047619047619,1.0,1.0,210
C=0.1,first5,3,0.5276041910871447,0.520503927959986,0.10534463793973085,115.63809523809523,0.0,0.42857142857142855,0.9934430803571429,0.9959019252232143,210
C=10,first5,3,0.5264487043137558,0.5222957271206563,0.10052307605344737,117.52857142857142,0.0,0.4523809523809524,0.9900076729910714,0.9928240094866071,210
C=1,first5,3,0.5246905681659935,0.5245108629820096,0.10355379000895391,117.85714285714286,0.0,0.4380952380952381,0.9940534319196429,0.9967782156808036,210
C=0.0001,last_prompt,6,0.5078371237943904,0.5075527260981862,0.07091655072876722,120.86904761904762,0.0,0.44285714285714284,1.0,1.0,210
C=1,last_prompt,6,0.5064554436924124,0.5056266081874313,0.07433337798068623,120.94047619047619,0.014285714285714285,0.48095238095238096,1.0,1.0,210
C=10,last_prompt,6,0.5064494781628167,0.5056189035523229,0.07433421040998144,120.97380952380952,0.014285714285714285,0.48095238095238096,1.0,1.0,210
C=0.001,last_prompt,6,0.508048411588012,0.5069524835832694,0.06985131122001435,121.05,0.004761904761904762,0.44761904761904764,1.0,1.0,210
DIM,last_prompt,6,0.5061184240066033,0.5065130967670534,0.07489841661782108,121.22142857142858,0.014285714285714285,0.4523809523809524,1.0,1.0,210
C=0.1,last_prompt,6,0.5064933428883174,0.5048585046573744,0.06848789928269149,121.52619047619048,0.004761904761904762,0.44285714285714284,1.0,1.0,210
C=0.01,last_prompt,6,0.5075518817991804,0.5066664438745766,0.06916890603932992,121.62142857142857,0.004761904761904762,0.44285714285714284,1.0,1.0,210
C=10,last_prompt,3,0.5136528407683006,0.5121690983608704,0.057535952364056765,121.95476190476191,0.0,0.4,1.0,0.9999825613839286,210
C=1,last_prompt,3,0.5136953475484964,0.5121623348709985,0.05766809096733905,122.03571428571429,0.0,0.4,1.0,0.9999825613839286,210
C=0.0001,last_prompt,3,0.512342572257742,0.5104461818004609,0.05711798382612056,122.71904761904761,0.0,0.4095238095238095,0.9999825613839286,0.9998299734933036,210
C=0.001,last_prompt,3,0.5101051482477171,0.50874944509876,0.05546459955525852,124.2,0.0,0.4095238095238095,1.0,0.9999912806919643,210
DIM,last_prompt,3,0.5091004372732334,0.5054108597165052,0.05966920795237156,124.79761904761905,0.0,0.44761904761904764,0.986572265625,0.9899248395647321,210
C=0.1,last_prompt,3,0.5078371311398503,0.5083146302135693,0.05401101029484264,125.09761904761905,0.004761904761904762,0.44285714285714284,1.0,1.0,210
C=0.01,last_prompt,3,0.508417111937197,0.5104771490028216,0.054489052609447995,125.1952380952381,0.0,0.4380952380952381,1.0,1.0,210
