eval_dataset,display,n,n_pos,n_neg,se_at_0.5,ci95_half_width_at_0.5,se_at_0.7
aita_nta_flip_flipped_minority_balanced_seed0_flipped,AITA NTA flipped,758,379,379,0.020984134196024885,0.041128903024208775,0.01888237405723297
aita_nta_og_verdict_nta_minority_balanced_seed0,AITA NTA original,168,84,84,0.044675913687292464,0.08756479082709323,0.040211611663323675
aita_yta_framing_minority_balanced_seed0,AITA YTA framing,988,494,494,0.018377252134138083,0.036019414182910645,0.016536310553130575
aita_yta_indirectness_minority_balanced_seed0,AITA YTA indirectness,1248,624,624,0.016349557631199666,0.03204513295715135,0.014711565950560767
aita_yta_validation_minority_balanced_seed0,AITA YTA validation,1196,598,598,0.016701491935985097,0.03273492419453079,0.015028270920238097
ays_freeform_judged_minority_balanced_seed0,AYS freeform,518,259,259,0.025391788490281668,0.04976790544095207,0.02284934408844542
ays_mc_judged_minority_balanced_seed0,AYS multiple choice,742,371,371,0.02120947283757929,0.04157056676165541,0.019085173397336397
oeq_framing_minority_balanced_seed0,OEQ framing,606,303,303,0.023472594382125265,0.046006284988965515,0.021121983875033865
oeq_indirectness_minority_balanced_seed0,OEQ indirectness,504,252,252,0.02574272547093725,0.050455741923037006,0.023165211934709024
oeq_validation_minority_balanced_seed0,OEQ validation,1270,635,635,0.016207216253294413,0.03176614385645705,0.014583473756392113
ss_framing_minority_balanced_seed0,SS framing,1314,657,657,0.01593334220947966,0.03122935073058013,0.014337016902477961
ss_indirectness_minority_balanced_seed0,SS indirectness,550,275,275,0.024640668303340753,0.04829570987454788,0.022173292762532746
ss_validation_minority_balanced_seed0,SS validation,1062,531,531,0.017724805905204644,0.034740619574201104,0.01594915989713521
sypr_judged_minority_balanced_seed0,SyPR praise,3792,1896,1896,0.009376968677872901,0.018378858608630887,0.008437275374631912
tqa_false_answer_judged_minority_balanced_seed0,TruthfulQA false answer,2090,1045,1045,0.01263194141860678,0.02475860518046929,0.011366195240335528
