position,layer,mean_auroc,median_auroc,mean_rank,win_share,frac_below_half,mean_val_auroc,mean_test_auroc,n_scores
last_prompt,3,0.5107357984532206,0.5088364744357569,18.074489795918367,0.019727891156462583,0.42108843537414964,0.9980792610012755,0.9985301737882653,1470
last_prompt,6,0.5069934437045329,0.5062695756388516,17.75952380952381,0.05102040816326531,0.4557823129251701,1.0,1.0,1470
last_prompt,10,0.5465652177987433,0.5505987673707766,14.941836734693878,0.03945578231292517,0.2693877551020408,0.9999975087691326,0.9999975087691326,1470
last_prompt,13,0.578033540537629,0.587693147318803,12.879931972789116,0.08027210884353742,0.2530612244897959,1.0,1.0,1470
last_prompt,16,0.5698569312312438,0.575286650762582,13.30952380952381,0.058503401360544216,0.3081632653061224,1.0,1.0,1470
last_prompt,19,0.562440504787342,0.5631559706173017,13.980272108843538,0.04149659863945578,0.31564625850340133,1.0,1.0,1470
last_prompt,22,0.5463671842994486,0.5472389291887523,15.835374149659865,0.014285714285714285,0.3469387755102041,1.0,1.0,1470
last_prompt,26,0.545517797984105,0.539273116654069,15.829591836734695,0.025170068027210883,0.345578231292517,1.0,1.0,1470
last_prompt,29,0.5406280081664548,0.5309878635874566,16.27687074829932,0.013605442176870748,0.3619047619047619,1.0,1.0,1470
first5,3,0.5333411628925089,0.5317719595394437,16.328231292517007,0.025170068027210883,0.3952380952380952,0.9639718191964286,0.9715949856505102,1470
first5,6,0.546277674957232,0.544107457797934,15.120068027210884,0.05102040816326531,0.3299319727891156,0.9819086814413265,0.9832396215322067,1470
first5,10,0.5554462821922819,0.5489545222898752,14.454081632653061,0.03469387755102041,0.30272108843537415,0.9941256776147959,0.9941113530373087,1470
first5,13,0.5718986805816962,0.5702093223287885,12.992857142857142,0.06190476190476191,0.3040816326530612,0.9995590521364796,0.9996026486766582,1470
first5,16,0.5680566548085674,0.5638086211895359,13.348979591836734,0.015646258503401362,0.282312925170068,0.9997907366071429,0.9997571049904337,1470
first5,19,0.5670349856431426,0.5535005668934241,13.549319727891156,0.011564625850340135,0.31020408163265306,0.9996088767538265,0.9995621661750638,1470
first5,22,0.559348633579248,0.541724702684748,14.675850340136055,0.013605442176870748,0.31360544217687075,0.9996362802933674,0.9995571837133291,1470
first5,26,0.5634466479003388,0.5466653185839401,14.100340136054422,0.019727891156462583,0.2965986394557823,0.9997110172193877,0.9995901925223214,1470
first5,29,0.5640509967220374,0.5472737488943884,14.181632653061225,0.014965986394557823,0.3183673469387755,0.9998305963010204,0.9997334382971939,1470
response,3,0.5618750238655363,0.563052571081899,14.300680272108844,0.04353741496598639,0.3040816326530612,0.9873918805803571,0.9890859175701531,1470
response,6,0.5651281120803454,0.5664577872390038,13.922448979591836,0.024489795918367346,0.3006802721088435,0.9895368303571429,0.9921015525350765,1470
response,10,0.586547636397218,0.58561572939729,11.624149659863946,0.07687074829931972,0.24013605442176872,0.9952915736607143,0.9957854601801658,1470
response,13,0.5976637299685404,0.595101232273016,10.443537414965986,0.0945578231292517,0.21496598639455783,0.9985227000956632,0.9986821388711735,1470
response,16,0.5924191608960149,0.5959896071018651,10.748299319727892,0.053061224489795916,0.24081632653061225,0.9989487005739796,0.9990502182318239,1470
response,19,0.5830736682180143,0.5832657151564383,12.006802721088436,0.02108843537414966,0.2680272108843537,0.9992028061224489,0.9991884815449618,1470
response,22,0.5806928649969759,0.5818925936818156,12.413605442176872,0.01020408163265306,0.27687074829931974,0.9989511918048469,0.9989941655373087,1470
response,26,0.5818715412252299,0.5816120045803121,12.16156462585034,0.0380952380952381,0.2585034013605442,0.9989138233418368,0.9989518146125638,1470
response,29,0.5776835989925047,0.5742218795064893,12.740136054421768,0.04625850340136054,0.27006802721088435,0.9990483498086735,0.9992644640864158,1470
