term,df,ss,share
cell,13,39.52431709223231,0.06801196145272484
eval,14,102.28950539155342,0.17601594181815375
setting,6,0.1067445509455988,0.00018368201700383772
position,2,8.511539034069626,0.014646336920575776
layer,8,8.561151755313453,0.014731708629261493
cell x eval,182,160.92606581197495,0.276915534282405
cell x setting,78,1.950580924469448,0.0033564864469602346
cell x position,26,16.559677998047892,0.028495272392552267
cell x layer,104,10.035515358727288,0.017268738183211434
eval x setting,84,0.9222364496219236,0.0015869498697628612
eval x position,28,17.265059396370752,0.029709066228894902
eval x layer,112,20.973952520414382,0.03609119031711365
setting x position,12,0.2231843387572405,0.00038404723373177487
setting x layer,48,0.05650697262019884,9.723507770385827e-05
position x layer,16,1.6082247236330465,0.0027673727456393148
higher-order interactions,38956,191.62347063290997,0.329738476384305
