threshold,train_position,eval_position,method,band,n_units,n_targets,sel_fold_home,sel_fold_moved,held_home,held_moved,held_native,moved_minus_home,moved_minus_native,frac_moved_beats_native,retention,frac_home_still_ge_tau,frac_moved_ge_tau,frac_moved_below_half
0.7,last_prompt,first5,all,all,2321,10,0.7500155489082817,0.7445673742113038,0.7328679156734832,0.740379954372468,0.7203295618269564,0.007512038698984729,0.020050392545511605,0.5820766910814305,1.0322587964823706,0.7841447651874193,0.6816027574321413,0.02843601895734597
0.7,last_prompt,first5,all,early,64,5,0.7210524847361157,0.6966302194016532,0.691382577916092,0.6852380577023849,0.6616388729237477,-0.006144520213707244,0.023599184778637167,0.53125,0.967894046152931,0.53125,0.359375,0.015625
0.7,last_prompt,first5,all,mid,1313,10,0.7578186312288371,0.733085577950616,0.7410298610543342,0.730425251500903,0.7128315604512601,-0.010604609553431121,0.017593691049642958,0.575019040365575,0.956002922181328,0.7829398324447829,0.638994668697639,0.04341203351104341
0.7,last_prompt,first5,all,late,944,8,0.7411259186329952,0.7637872644635292,0.7243281141177795,0.757964283034809,0.7347374854457005,0.03363616891702953,0.023226797589108537,0.5953389830508474,1.149941834305126,0.8029661016949152,0.7627118644067796,0.00847457627118644
0.7,last_prompt,first5,logistic,all,1965,10,0.7500114981541226,0.7455010048205707,0.7346322027601402,0.7417970705400635,0.7245187145449724,0.0071648677799233396,0.01727835599509112,0.5704834605597965,1.0305365917194573,0.794910941475827,0.6854961832061068,0.025954198473282442
0.7,last_prompt,first5,logistic,early,52,5,0.7207653038288899,0.6927591958041084,0.6910775131600602,0.6803961919653218,0.6704205229978092,-0.01068132119473868,0.009975668967512305,0.4807692307692308,0.9440995383596448,0.5384615384615384,0.3269230769230769,0.0
0.7,last_prompt,first5,logistic,mid,1114,10,0.7578709220900003,0.7323291248498122,0.7419702323682543,0.7298460033185962,0.7171855555765344,-0.01212422904965816,0.012660447742061789,0.5529622980251346,0.9498937165493717,0.7845601436265709,0.6346499102333932,0.04039497307001795
0.7,last_prompt,first5,logistic,late,799,7,0.740956934750298,0.7672983118997709,0.7272358058587198,0.7624558121803654,0.7382637020935235,0.03522000632164576,0.02419211008684177,0.6007509386733417,1.154993207116061,0.8260325406758448,0.7797246558197747,0.007509386733416771
0.7,last_prompt,first5,DIM,all,356,10,0.7500379077058178,0.7394140479550978,0.723129645658649,0.7325579508069473,0.6972068508974574,0.00942830514829829,0.03535109990948987,0.6460674157303371,1.042254829565418,0.7247191011235955,0.6601123595505618,0.042134831460674156
0.7,last_prompt,first5,DIM,early,12,5,0.7222969353340938,0.7134046549910136,0.69270452519223,0.7062194758963258,0.6235850559361475,0.013514950704095646,0.08263441996017827,0.75,1.0701330219963134,0.5,0.5,0.08333333333333333
0.7,last_prompt,first5,DIM,mid,199,10,0.7575259075135822,0.7373201948063726,0.7357656718899771,0.7336678770038673,0.6884579394987198,-0.002097794886109928,0.0452099375051476,0.6984924623115578,0.9911022038565106,0.7738693467336684,0.6633165829145728,0.06030150753768844
0.7,last_prompt,first5,DIM,late,145,8,0.7420570780969599,0.7444401823838243,0.7083057299728748,0.7332144086396396,0.7153068157794198,0.024908678666764956,0.017907592860219874,0.5655172413793104,1.1195775011566336,0.6758620689655173,0.6689655172413793,0.013793103448275862
0.7,last_prompt,response,all,all,2321,10,0.7500155489082817,0.6613766033460058,0.7328679156734832,0.6573850454390067,0.6977218234807213,-0.07548287023447663,-0.04033677804171469,0.27358897027143475,0.6758554306797886,0.7841447651874193,0.3416630762602327,0.06764325721671693
0.7,last_prompt,response,all,early,64,5,0.7210524847361157,0.7042977011445899,0.691382577916092,0.6957335660138322,0.6604990579435712,0.004350988097740068,0.03523450807026095,0.5625,1.0227345045986775,0.53125,0.546875,0.0
0.7,last_prompt,response,all,mid,1313,10,0.7578186312288371,0.6650003330273209,0.7410298610543342,0.6601849064310298,0.7087593371007739,-0.08084495462330449,-0.048574430669744234,0.24904798172124903,0.6645853162356512,0.7829398324447829,0.3549124143183549,0.06778370144706779
0.7,last_prompt,response,all,late,944,8,0.7411259186329952,0.6534264896482557,0.7243281141177795,0.6508908475583761,0.6848934353570438,-0.07343726655940343,-0.03400258779866771,0.288135593220339,0.6726345832834556,0.8029661016949152,0.3093220338983051,0.07203389830508475
0.7,last_prompt,response,logistic,all,1965,10,0.7500114981541226,0.6644192634896642,0.7346322027601402,0.6606044485543399,0.700506164456066,-0.07402775420580027,-0.03990171590172603,0.27073791348600507,0.684494483984036,0.794910941475827,0.3475826972010178,0.06005089058524173
0.7,last_prompt,response,logistic,early,52,5,0.7207653038288899,0.703739773301977,0.6910775131600602,0.6947415482240294,0.6663377299507472,0.0036640350639692973,0.028403818273282293,0.5192307692307693,1.019175647638349,0.5384615384615384,0.5384615384615384,0.0
0.7,last_prompt,response,logistic,mid,1114,10,0.7578709220900003,0.6669018964330917,0.7419702323682543,0.6619751595156151,0.7120299123629602,-0.07999507285263911,-0.05005475284734508,0.24057450628366248,0.669401181832587,0.7845601436265709,0.35816876122082586,0.06373429084380611
0.7,last_prompt,response,logistic,late,799,7,0.740956934750298,0.6583988384468374,0.7272358058587198,0.6564716560716309,0.686662989770204,-0.07076414978708882,-0.030191333698573096,0.29662077596996245,0.688587150604754,0.8260325406758448,0.32040050062578224,0.058823529411764705
0.7,last_prompt,response,DIM,all,356,10,0.7500379077058178,0.6445821449687898,0.723129645658649,0.6396150254344278,0.6823531998387204,-0.08351462022422114,-0.04273817440429255,0.2893258426966292,0.6257125763020098,0.7247191011235955,0.3089887640449438,0.10955056179775281
0.7,last_prompt,response,DIM,early,12,5,0.7222969353340938,0.7067153884625798,0.69270452519223,0.7000323097696435,0.635198145912475,0.007327784577413408,0.06483416385716843,0.75,1.038026011948104,0.5,0.5833333333333334,0.0
0.7,last_prompt,response,DIM,mid,199,10,0.7575259075135822,0.654355400193005,0.7357656718899771,0.6501630876560133,0.6904506896531577,-0.08560258423396389,-0.040287601997144505,0.2964824120603015,0.6369166743073974,0.7738693467336684,0.33668341708542715,0.09045226130653267
0.7,last_prompt,response,DIM,late,145,8,0.7420570780969599,0.6260271331650361,0.7083057299728748,0.6201386682336135,0.6751425803493543,-0.0881670617392612,-0.055003912115740794,0.2413793103448276,0.5767420236075973,0.6758620689655173,0.2482758620689655,0.14482758620689656
0.7,first5,last_prompt,all,all,3414,10,0.7758708396597761,0.6801343353212849,0.7656655848453007,0.676629486907781,0.6506218128667594,-0.08903609793751965,0.026007674041021462,0.6918570591681312,0.6648564849324908,0.824838898652607,0.45166959578207383,0.06033977738722906
0.7,first5,last_prompt,all,early,805,9,0.7541486192710859,0.5782513851085038,0.7396307760511986,0.5783785524185365,0.5438268421633781,-0.1612522236326622,0.03455171025515843,0.6335403726708074,0.3270804932075605,0.7900621118012422,0.09565217391304348,0.2062111801242236
0.7,first5,last_prompt,all,mid,1323,10,0.788374992407248,0.7172110253951163,0.7788133643874698,0.714024850973927,0.6997541974007784,-0.06478851341354294,0.014270653573148622,0.6787603930461074,0.7676276617662215,0.8253968253968254,0.5971277399848829,0.012093726379440665
0.7,first5,last_prompt,all,late,1286,10,0.7766044270065806,0.7057667722992085,0.7684365869797968,0.6996605410324548,0.666926483689244,-0.06877604594734193,0.03273405734321082,0.7418351477449455,0.7437903427355145,0.8460342146189735,0.5248833592534993,0.01866251944012442
0.7,first5,last_prompt,logistic,all,2921,10,0.776919643330674,0.6809481753196595,0.7666711579763634,0.6780700230924834,0.6507613707550717,-0.08860113488388006,0.027308652337411803,0.7038685381718589,0.6677513400540556,0.8243752139678192,0.45498117083190687,0.0578568983224923
0.7,first5,last_prompt,logistic,early,684,9,0.7544744599376744,0.5770942880823846,0.740136379112389,0.5778228529467526,0.5431588318040929,-0.16231352616563646,0.03466402114265982,0.6345029239766082,0.3240777313058836,0.7953216374269005,0.08625730994152046,0.20175438596491227
0.7,first5,last_prompt,logistic,mid,1129,10,0.7892772719228952,0.7177623038456492,0.7791850233949085,0.7148139900211682,0.7005229969861105,-0.0643710333737403,0.014290993035057695,0.6829052258635961,0.7694323549630843,0.8184233835252436,0.5996457041629761,0.0141718334809566
0.7,first5,last_prompt,logistic,late,1108,10,0.7781838515979971,0.7075482725799966,0.770300792168982,0.7025150824040312,0.6664827251121355,-0.06778570976495084,0.036032357291895696,0.7680505415162455,0.7492211945772852,0.8483754512635379,0.5351985559566786,0.013537906137184115
0.7,first5,last_prompt,DIM,all,493,9,0.769656731094477,0.675312374600692,0.7597076150363055,0.6680943830629211,0.6497949394554822,-0.0916132319733843,0.018299443607438935,0.6206896551724138,0.6472447218747229,0.8275862068965517,0.43204868154158216,0.07505070993914807
0.7,first5,last_prompt,DIM,early,121,8,0.7523066769905363,0.5847923302809453,0.7367726562672797,0.5815198618292818,0.5476030329547098,-0.15525279443799783,0.03391682887457206,0.628099173553719,0.3442959297515272,0.7603305785123967,0.1487603305785124,0.23140495867768596
0.7,first5,last_prompt,DIM,mid,194,9,0.7831240977002079,0.714002812144335,0.7766504622256238,0.709432387137147,0.6952801008449022,-0.06721807508847683,0.014152286292244807,0.654639175257732,0.7570288712055113,0.865979381443299,0.5824742268041238,0.0
0.7,first5,last_prompt,DIM,late,178,8,0.7667729525836064,0.6946774334727289,0.7568324333302624,0.6818918228318566,0.6696887561804596,-0.0749406104984057,0.0122030666513971,0.5786516853932584,0.708212045002746,0.8314606741573034,0.4606741573033708,0.05056179775280899
0.7,first5,response,all,all,3414,10,0.7758708396597761,0.672147502379774,0.7656655848453007,0.6691352059316389,0.7188543700571903,-0.0965303789136618,-0.04971916412555159,0.28295254833040423,0.6366470313801758,0.824838898652607,0.4094903339191564,0.07205623901581722
0.7,first5,response,all,early,805,9,0.7541486192710859,0.6374649728382905,0.7396307760511986,0.6368587512809215,0.6992635652892755,-0.10277202477027716,-0.06240481400835384,0.30559006211180123,0.571123432207559,0.7900621118012422,0.33664596273291925,0.14161490683229813
0.7,first5,response,all,mid,1323,10,0.788374992407248,0.6815313961431567,0.7788133643874698,0.6762597442393627,0.7358898686363502,-0.10255362014810727,-0.05963012439698754,0.25018896447467875,0.6321782480785704,0.8253968253968254,0.4217687074829932,0.05291005291005291
0.7,first5,response,all,late,1286,10,0.7766044270065806,0.6842039136021213,0.7684365869797968,0.6820098418668712,0.7135920319684994,-0.08642674511292561,-0.03158219010162813,0.3024883359253499,0.6780366414082359,0.8460342146189735,0.44245723172628304,0.04821150855365474
0.7,first5,response,logistic,all,2921,10,0.776919643330674,0.6760947644997195,0.7666711579763634,0.6728366185002636,0.723849084643016,-0.09383453947609993,-0.051012466142752275,0.2838069154399178,0.6481264033644877,0.8243752139678192,0.42245806230742894,0.06983909619993153
0.7,first5,response,logistic,early,684,9,0.7544744599376744,0.6374550745651177,0.740136379112389,0.6366075991723134,0.7067362586129071,-0.10352877994007569,-0.0701286594405937,0.2894736842105263,0.5688750687307483,0.7953216374269005,0.35964912280701755,0.1564327485380117
0.7,first5,response,logistic,mid,1129,10,0.7892772719228952,0.6864284991086115,0.7791850233949085,0.6806070974500572,0.7414406337185885,-0.09857792594485137,-0.060833536268531364,0.254207263064659,0.6469082590959317,0.8184233835252436,0.4366696191319752,0.046058458813108945
0.7,first5,response,logistic,late,1108,10,0.7781838515979971,0.6894185565049802,0.770300792168982,0.6872840720074848,0.7164883572948867,-0.08301672016149722,-0.029204285287401977,0.3104693140794224,0.692872819589821,0.8483754512635379,0.44675090252707583,0.04061371841155235
0.7,first5,response,DIM,all,493,9,0.769656731094477,0.6487601744845178,0.7597076150363055,0.6472045241609434,0.6892609394178476,-0.11250309087536205,-0.04205641525690416,0.2778904665314402,0.5668086557275772,0.8275862068965517,0.332657200811359,0.08519269776876268
0.7,first5,response,DIM,early,121,8,0.7523066769905363,0.637520926713086,0.7367726562672797,0.6382784871675992,0.6570212327821343,-0.0984941690996805,-0.01874274561453506,0.39669421487603307,0.584013751197284,0.7603305785123967,0.2066115702479339,0.05785123966942149
0.7,first5,response,DIM,mid,194,9,0.7831240977002079,0.6530322763081131,0.7766504622256238,0.6509599412760942,0.7035867048330151,-0.12569052094952957,-0.05262676355692074,0.2268041237113402,0.5456703020180679,0.865979381443299,0.33505154639175255,0.09278350515463918
0.7,first5,response,DIM,late,178,8,0.7667729525836064,0.651744226319157,0.7568324333302624,0.6491792407668724,0.6955632203862678,-0.10765319256338995,-0.04638397961939541,0.25280898876404495,0.5808426873215109,0.8314606741573034,0.4157303370786517,0.09550561797752809
0.7,response,last_prompt,all,all,5111,13,0.7763636304399523,0.6499357140685996,0.7665361340569937,0.6485934741447866,0.6155061587020269,-0.11794265991220722,0.03308731544275964,0.673645079240853,0.5574984220076243,0.8546272745059675,0.32244179221287417,0.08784973586382312
0.7,response,last_prompt,all,early,1540,12,0.7705318626335015,0.560510807716329,0.7626932139219627,0.5618059334170867,0.5397152246606763,-0.2008872805048758,0.022090708756410424,0.5896103896103896,0.23527799783761147,0.8649350649350649,0.04415584415584416,0.22142857142857142
0.7,response,last_prompt,all,mid,1929,13,0.7805649943975659,0.6979967923652316,0.7706575038995532,0.6926801448639722,0.6713662880224768,-0.07797735903558115,0.021313856841495372,0.6537065837221359,0.7118965559346913,0.8626231207879731,0.4764126490409539,0.03110419906687403
0.7,response,last_prompt,all,late,1642,12,0.7768974254141894,0.6773440793233461,0.7652986033515435,0.6781973869970088,0.6209652628217176,-0.0871012163545349,0.05723212417529104,0.7758830694275274,0.6716861104650518,0.8355663824604141,0.402557856272838,0.029232643118148598
0.7,response,last_prompt,logistic,all,4386,12,0.7766090359878537,0.6467040069236223,0.7665293317964331,0.6452926696600124,0.6162269439919071,-0.1212366621364207,0.029065725668105256,0.6605107159142727,0.5451282554183661,0.8499772001823985,0.3137254901960784,0.095531235750114
0.7,response,last_prompt,logistic,early,1352,12,0.770814924357316,0.555041255145931,0.7630190506002416,0.5560933076174964,0.5384242115353469,-0.20692574298274508,0.017669096082149567,0.5724852071005917,0.21326709030955993,0.8653846153846154,0.027366863905325445,0.2359467455621302
0.7,response,last_prompt,logistic,mid,1645,11,0.7812396190620611,0.6978769193392724,0.770739825588308,0.6923075223911325,0.6740046936529402,-0.07843230319717563,0.01830282873819222,0.643161094224924,0.7103037832474594,0.8547112462006079,0.48024316109422494,0.03525835866261398
0.7,response,last_prompt,logistic,late,1389,11,0.7767647809607953,0.6753207092128191,0.7649595966557683,0.6764360136044248,0.6235306848766226,-0.08852358305134336,0.05290532872780219,0.7667386609071274,0.665897804160866,0.8293736501079914,0.3952483801295896,0.03023758099352052
0.7,response,last_prompt,DIM,all,725,11,0.774879011497751,0.6694864279139383,0.7665772853877788,0.6685622030692273,0.6111456562449034,-0.09801508231855156,0.057416546824323955,0.7531034482758621,0.6323202024659638,0.8827586206896552,0.37517241379310345,0.041379310344827586
0.7,response,last_prompt,DIM,early,188,10,0.7684962272579846,0.5998450368396173,0.760349962916467,0.6028882210822254,0.5489995318173005,-0.15746174183424153,0.05388868926492471,0.7127659574468085,0.39519199438195035,0.8617021276595744,0.16489361702127658,0.11702127659574468
0.7,response,last_prompt,DIM,mid,284,11,0.7766573973092047,0.6986911273219312,0.770180675807998,0.6948384686943285,0.6560839737192639,-0.07534220711366947,0.03875449497506468,0.7147887323943662,0.7211413921874602,0.9084507042253521,0.45422535211267606,0.007042253521126761
0.7,response,last_prompt,DIM,late,253,9,0.7776256591919143,0.6884526211554497,0.7671597903097728,0.6878675357807991,0.6068807915400455,-0.07929225452897372,0.08098674424075356,0.8260869565217391,0.7032028867928289,0.8695652173913043,0.4426877470355731,0.023715415019762844
0.7,response,first5,all,all,5111,13,0.7763636304399523,0.7140274142370229,0.7665361340569937,0.7098997845839642,0.6719927483910364,-0.05663634947302957,0.03790703619292782,0.6313832909411075,0.7875096760392011,0.8546272745059675,0.5585990999804343,0.06319702602230483
0.7,response,first5,all,early,1540,12,0.7705318626335015,0.6687368664050034,0.7626932139219627,0.668363863378695,0.6181132513993011,-0.09432935054326744,0.05025061197939402,0.6785714285714286,0.6409143992151631,0.8649350649350649,0.4344155844155844,0.08766233766233766
0.7,response,first5,all,mid,1929,13,0.7805649943975659,0.7303216705941129,0.7706575038995532,0.724424206296825,0.699889000713801,-0.046233297602728284,0.024535205583023974,0.5972006220839814,0.8291815414809768,0.8626231207879731,0.5992742353551063,0.05857957490927942
0.7,response,first5,all,late,1642,12,0.7768974254141894,0.7373622639011417,0.7652986033515435,0.7317924211077195,0.6897531348932648,-0.03350618224382425,0.042039286214454345,0.6272838002436053,0.8737038875420483,0.8355663824604141,0.6272838002436053,0.045676004872107184
0.7,response,first5,logistic,all,4386,12,0.7766090359878537,0.7121628799170089,0.7665293317964331,0.7077160262584739,0.6759434382527172,-0.058813305537959194,0.031772588005756636,0.6222070223438213,0.7793364612384236,0.8499772001823985,0.5517555859553124,0.06452348381212951
0.7,response,first5,logistic,early,1352,12,0.770814924357316,0.6664252699084637,0.7630190506002416,0.6655227274380492,0.6180333330788406,-0.0974963231621923,0.047489394359208646,0.6730769230769231,0.629318397508873,0.8653846153846154,0.4297337278106509,0.09097633136094675
0.7,response,first5,logistic,mid,1645,11,0.7812396190620611,0.7297968752879511,0.770739825588308,0.7235810254000821,0.7049782144205287,-0.047158800188226054,0.018602810979553287,0.5878419452887538,0.8258150603231292,0.8547112462006079,0.5969604863221885,0.057750759878419454
0.7,response,first5,logistic,late,1389,11,0.7767647809607953,0.7357981040684508,0.7649595966557683,0.7299963836503159,0.6979249036227901,-0.03496321300545225,0.032071480027525835,0.6133909287257019,0.8680432283006678,0.8293736501079914,0.6169906407487401,0.04679625629949604
0.7,response,first5,DIM,all,725,11,0.774879011497751,0.7253072039302385,0.7665772853877788,0.7231107694330685,0.6480924370347161,-0.04346651595471043,0.07501833239835237,0.6868965517241379,0.8369459127341574,0.8827586206896552,0.6,0.05517241379310345
0.7,response,first5,DIM,early,188,10,0.7684962272579846,0.685360688018416,0.760349962916467,0.6887958622709996,0.618687983150698,-0.07155410064546719,0.07010787912030163,0.7180851063829787,0.7251618558193328,0.8617021276595744,0.46808510638297873,0.06382978723404255
0.7,response,first5,DIM,mid,284,11,0.7766573973092047,0.7333614180540992,0.770180675807998,0.729308123814931,0.6704109847012406,-0.04087255199306686,0.05889713911369048,0.6514084507042254,0.8487214088467498,0.9084507042253521,0.6126760563380281,0.06338028169014084
0.7,response,first5,DIM,late,253,9,0.7776256591919143,0.7459496868561126,0.7671597903097728,0.7416528797177322,0.6448891555837376,-0.025506910592040483,0.09676372413399469,0.7035573122529645,0.9045256377748118,0.8695652173913043,0.6837944664031621,0.039525691699604744
0.75,last_prompt,first5,all,all,923,5,0.7901053425017425,0.782139312543863,0.7711074719519695,0.7805809628415212,0.7579179655615719,0.009473490889551716,0.022662997279949366,0.5395449620801733,1.0349436731542025,0.7258938244853738,0.6998916576381365,0.024918743228602384
0.75,last_prompt,first5,all,early,7,1,0.7546865816833188,0.8330746002472488,0.7526599517662079,0.8322193624222279,0.8520357497517378,0.07955941065602011,-0.019816387329509775,0.2857142857142857,1.314887302478543,0.8571428571428571,1.0,0.0
0.75,last_prompt,first5,all,mid,644,5,0.7923244585339292,0.7672044197324654,0.7762318689398134,0.7681951553853755,0.7459505187043218,-0.00803671355443793,0.02224463668105383,0.5559006211180124,0.9709059147111335,0.7763975155279503,0.6599378881987578,0.034161490683229816
0.75,last_prompt,first5,all,late,272,5,0.785762771181892,0.8161890329725997,0.7594494608531784,0.8085772540352449,0.7838305070569319,0.04912779318206661,0.024746746978313118,0.5073529411764706,1.1893539998908218,0.6029411764705882,0.7867647058823529,0.003676470588235294
0.75,last_prompt,first5,logistic,all,770,5,0.7910739228132602,0.7826546754857567,0.7743391723041911,0.7811867810160986,0.7639572406758441,0.006847608711907457,0.017229540340254496,0.5168831168831168,1.0249603753426608,0.7428571428571429,0.6961038961038961,0.023376623376623377
0.75,last_prompt,first5,logistic,early,5,1,0.7540956163994893,0.8234558093346573,0.7512583345155341,0.8222584763796282,0.8589076464746771,0.0710001418640942,-0.03664917009504898,0.0,1.2825782555670984,0.8,1.0,0.0
0.75,last_prompt,first5,logistic,mid,542,5,0.7931886823337561,0.7663641308246345,0.778910264269007,0.7669113522100434,0.752210647101619,-0.011998912058963657,0.014700705108424429,0.5295202952029521,0.9569793098493113,0.7896678966789668,0.6531365313653137,0.033210332103321034
0.75,last_prompt,first5,logistic,late,223,5,0.786763124032812,0.8213339110780604,0.7637466716046979,0.8149622246755793,0.790378324479592,0.05121555307088151,0.024583900195987295,0.4977578475336323,1.194184642252635,0.6278026905829597,0.7937219730941704,0.0
0.75,last_prompt,first5,DIM,all,153,5,0.7852307879927968,0.7795456559081886,0.7548433590682403,0.7775320739890734,0.7275242280583721,0.022688714920833266,0.05000784593070132,0.6535947712418301,1.0890300418413403,0.6405228758169934,0.7189542483660131,0.032679738562091505
0.75,last_prompt,first5,DIM,early,2,1,0.7561639948928927,0.8571215775287275,0.7561639948928927,0.8571215775287275,0.8348560079443892,0.10095758263583487,0.02226556958433823,1.0,1.3941130863377083,1.0,1.0,0.0
0.75,last_prompt,first5,DIM,mid,102,5,0.7877322104995547,0.7716694843211351,0.7619996114062556,0.7750169330425328,0.7126859148677034,0.01301732163627723,0.06233101817482967,0.696078431372549,1.0496845074174275,0.7058823529411765,0.696078431372549,0.0392156862745098
0.75,last_prompt,first5,DIM,late,49,5,0.7812101449419909,0.7927745877171346,0.7398927670248346,0.77951912234556,0.7540312563374784,0.03962635532072535,0.025487866008081644,0.5510204081632653,1.165183618548295,0.4897959183673469,0.7551020408163265,0.02040816326530612
0.75,last_prompt,response,all,all,923,5,0.7901053425017425,0.6909774210951036,0.7711074719519695,0.6845845179281554,0.7414654830672501,-0.08652295402381413,-0.056880965139094825,0.1733477789815818,0.6808536725275399,0.7258938244853738,0.3391115926327194,0.04983748645720477
0.75,last_prompt,response,all,early,7,1,0.7546865816833188,0.7807632288267838,0.7526599517662079,0.7808848266218105,0.8132886123664959,0.028224874855602607,-0.03240378574468518,0.2857142857142857,1.1117109168204056,0.8571428571428571,1.0,0.0
0.75,last_prompt,response,all,mid,644,5,0.7923244585339292,0.6849076097369347,0.7762318689398134,0.6789141069365561,0.7432477798268906,-0.09731776200325744,-0.0643336728903346,0.15683229813664595,0.6476953858482514,0.7763975155279503,0.29037267080745344,0.06832298136645963
0.75,last_prompt,response,all,late,272,5,0.785762771181892,0.7030379279353204,0.7594494608531784,0.6955317330668848,0.735397244029371,-0.06391772778629358,-0.039865510962486174,0.20955882352941177,0.7536409303912005,0.6029411764705882,0.4375,0.007352941176470588
0.75,last_prompt,response,logistic,all,770,5,0.7910739228132602,0.6937297597244704,0.7743391723041911,0.6875249002598167,0.7463139723958462,-0.08681427204437434,-0.05878907213602935,0.15844155844155844,0.6835513087131665,0.7428571428571429,0.34935064935064936,0.046753246753246755
0.75,last_prompt,response,logistic,early,5,1,0.7540956163994893,0.7721237054901404,0.7512583345155341,0.7722939424031777,0.8481543481344872,0.021035607887643627,-0.07586040573130944,0.0,1.0837210352771125,0.8,1.0,0.0
0.75,last_prompt,response,logistic,mid,542,5,0.7931886823337561,0.6871981293620347,0.778910264269007,0.6806657803520427,0.74757162639223,-0.09824448391696432,-0.06690584604018732,0.14206642066420663,0.6477559398021718,0.7896678966789668,0.2933579335793358,0.06642066420664207
0.75,last_prompt,response,logistic,late,223,5,0.786763124032812,0.7078471315971693,0.7637466716046979,0.7022952938889498,0.7409738363208088,-0.06145137771574798,-0.03867854243185887,0.20179372197309417,0.7670060541736389,0.6278026905829597,0.47085201793721976,0.0
0.75,last_prompt,response,DIM,all,153,5,0.7852307879927968,0.6771257822414267,0.7548433590682403,0.6697865153439776,0.7170645890605915,-0.08505684372426259,-0.04727807371661386,0.24836601307189543,0.6662387278395325,0.6405228758169934,0.2875816993464052,0.06535947712418301
0.75,last_prompt,response,DIM,early,2,1,0.7561639948928927,0.8023620371683926,0.7561639948928927,0.8023620371683926,0.7261242729465172,0.04619804227550006,0.07623776422187545,1.0,1.1803455723542111,1.0,1.0,0.0
0.75,last_prompt,response,DIM,mid,102,5,0.7877322104995547,0.6727364172192464,0.7619996114062556,0.6696061952581858,0.7202720461169502,-0.09239341614806985,-0.05066585085876432,0.23529411764705882,0.6473528504406636,0.7058823529411765,0.27450980392156865,0.0784313725490196
0.75,last_prompt,response,DIM,late,49,5,0.7812101449419909,0.6811511439232323,0.7398927670248346,0.6647506297338132,0.7100180587030317,-0.07514213729102151,-0.04526742896921855,0.24489795918367346,0.6867678078712458,0.4897959183673469,0.2857142857142857,0.04081632653061224
0.75,first5,last_prompt,all,all,1989,8,0.814447638410694,0.7113663637489888,0.8020105069270249,0.7059783404972052,0.6768010592511272,-0.09603216642981968,0.02917728124607797,0.7345399698340875,0.6820237566998818,0.8195072900955254,0.4007038712921066,0.04524886877828054
0.75,first5,last_prompt,all,early,378,7,0.7894400791427189,0.5902922690541975,0.7689566297989943,0.5869694633342025,0.5464148365720285,-0.1819871664647917,0.040554626762174056,0.6746031746031746,0.32335868946305385,0.708994708994709,0.05026455026455026,0.19576719576719576
0.75,first5,last_prompt,all,mid,871,6,0.823002313516172,0.7427983276247239,0.8151061232639067,0.740868668865536,0.7188357597012686,-0.07423745439837066,0.022032909164267245,0.7405281285878301,0.7644049134005703,0.8771526980482205,0.5177956371986223,0.0
0.75,first5,last_prompt,all,late,740,7,0.8171526862301848,0.7362160492339423,0.8034808903391487,0.7257025020631496,0.693927772873595,-0.07777838827599892,0.03177472918955475,0.7581081081081081,0.7437124024874201,0.8081081081081081,0.4418918918918919,0.021621621621621623
0.75,first5,last_prompt,logistic,all,1712,8,0.8157843742947972,0.7133114290156944,0.803600902986237,0.7079865413810209,0.6774431920498805,-0.09561436160521622,0.030543349331140352,0.7447429906542056,0.685065621792467,0.822429906542056,0.4100467289719626,0.04380841121495327
0.75,first5,last_prompt,logistic,early,327,7,0.789120911364199,0.5920987325059018,0.7697089716566171,0.5882857037790284,0.5459399306553392,-0.18142326787758864,0.04234577312368924,0.6758409785932722,0.3273369188898556,0.7155963302752294,0.039755351681957186,0.1926605504587156
0.75,first5,last_prompt,logistic,mid,740,6,0.8248231990516719,0.7442783723097941,0.8167408484165763,0.742222099045441,0.7204625253402505,-0.07451874937113531,0.021759573705190542,0.745945945945946,0.7647327468381073,0.8756756756756757,0.5297297297297298,0.0
0.75,first5,last_prompt,logistic,late,645,7,0.8189320053928099,0.7392354812964208,0.8057080377557481,0.7293940781626962,0.6947567731989367,-0.076313959593052,0.03463730496375954,0.7782945736434108,0.7503697967731403,0.8155038759689922,0.4604651162790698,0.018604651162790697
0.75,first5,last_prompt,DIM,all,277,6,0.8061859350403526,0.6993448773352693,0.7921810554708111,0.6935666440600488,0.6728323540111794,-0.09861441141076237,0.020734290048869286,0.6714801444043321,0.6624886878724623,0.8014440433212996,0.34296028880866425,0.05415162454873646
0.75,first5,last_prompt,DIM,early,51,6,0.7914865078402875,0.5787096504520935,0.7641327908295303,0.578530039305613,0.5494598215672718,-0.18560275152391723,0.02907021773834136,0.6666666666666666,0.29731272311545665,0.6666666666666666,0.11764705882352941,0.21568627450980393
0.75,first5,last_prompt,DIM,mid,131,6,0.8127163952240342,0.7344377698617315,0.8058717979740172,0.7332233380782865,0.7096463965497692,-0.07264845989573074,0.02357694152851729,0.7099236641221374,0.7624872238077278,0.8854961832061069,0.45038167938931295,0.0
0.75,first5,last_prompt,DIM,late,95,5,0.805072045599732,0.715715694704484,0.7883597315632883,0.7006386432820179,0.688299296980485,-0.08772108828127019,0.012339346301532817,0.6210526315789474,0.695792863290214,0.7578947368421053,0.3157894736842105,0.042105263157894736
0.75,first5,response,all,all,1989,8,0.814447638410694,0.6981839158396598,0.8020105069270249,0.6969984718546806,0.755938796083193,-0.10501203507234431,-0.05894032422851251,0.22423328305681248,0.6522901267878123,0.8195072900955254,0.36450477626948213,0.048768225238813474
0.75,first5,response,all,early,378,7,0.7894400791427189,0.6540412313808424,0.7689566297989943,0.6520777296238812,0.7398568787347973,-0.11687890017511304,-0.08777914911091615,0.21164021164021163,0.5654358836126742,0.708994708994709,0.21164021164021163,0.11375661375661375
0.75,first5,response,all,mid,871,6,0.823002313516172,0.7038021702898479,0.8151061232639067,0.7016320422799922,0.7711722487560799,-0.1134740809839144,-0.06954020647608776,0.19402985074626866,0.6398861443613456,0.8771526980482205,0.3777267508610792,0.03214695752009185
0.75,first5,response,all,late,740,7,0.8171526862301848,0.7141196389468476,0.8034808903391487,0.7144906349935937,0.7462234278123945,-0.08899025534555499,-0.03173279281880084,0.2662162162162162,0.7067681749381127,0.8081081081081081,0.42702702702702705,0.03513513513513514
0.75,first5,response,logistic,all,1712,8,0.8157843742947972,0.702958917413407,0.803600902986237,0.7020516333789986,0.7625398021790645,-0.10154926960723848,-0.060488168800065995,0.22021028037383178,0.6655172346050567,0.822429906542056,0.3942757009345794,0.04789719626168224
0.75,first5,response,logistic,early,327,7,0.789120911364199,0.6554400300166973,0.7697089716566171,0.6537149514272974,0.7512362030768716,-0.1159940202293197,-0.09752125164957402,0.18960244648318042,0.569928951503331,0.7155963302752294,0.2415902140672783,0.12844036697247707
0.75,first5,response,logistic,mid,740,6,0.8248231990516719,0.7092873674886494,0.8167408484165763,0.7073016934813507,0.779600119889171,-0.10943915493522548,-0.07229842640782023,0.19054054054054054,0.6544836086588628,0.8756756756756757,0.4081081081081081,0.02837837837837838
0.75,first5,response,logistic,late,645,7,0.8189320053928099,0.7197893408599879,0.8057080377557481,0.7205338822510384,0.7486973863665659,-0.08517415550470989,-0.028163504115527548,0.26976744186046514,0.7213872552060233,0.8155038759689922,0.4558139534883721,0.02945736434108527
0.75,first5,response,DIM,all,277,6,0.8061859350403526,0.6686719927557059,0.7921810554708111,0.6657673796899426,0.715141242162139,-0.1264136757808686,-0.04937386247219649,0.2490974729241877,0.5673447220006459,0.8014440433212996,0.18050541516245489,0.05415162454873646
0.75,first5,response,DIM,early,51,6,0.7914865078402875,0.6450724636568316,0.7641327908295303,0.6415802486490361,0.6668953285414989,-0.12255254218049404,-0.02531507989246274,0.35294117647058826,0.5360192053564871,0.6666666666666666,0.0196078431372549,0.0196078431372549
0.75,first5,response,DIM,mid,131,6,0.8127163952240342,0.672817086876771,0.8058717979740172,0.6696050049593409,0.7235644270882375,-0.13626679301467629,-0.053959422128896734,0.21374045801526717,0.5544970346489686,0.8854961832061069,0.20610687022900764,0.05343511450381679
0.75,first5,response,DIM,late,95,5,0.805072045599732,0.6756253470102642,0.7883597315632883,0.6734601667719954,0.72942655131302,-0.11489956479129276,-0.05596638454102479,0.24210526315789474,0.6015408803150619,0.7578947368421053,0.23157894736842105,0.07368421052631578
0.75,response,last_prompt,all,all,3153,10,0.8089114555898844,0.6733067147877182,0.7983853953342288,0.6729587522782678,0.6326034703137408,-0.12542664305596085,0.04035528196452709,0.7262924199175389,0.579648853404948,0.829686013320647,0.23945448778940692,0.06311449413257215
0.75,response,last_prompt,all,early,884,9,0.8065702000647124,0.5736360654624133,0.7980400367674683,0.5765585740212119,0.5397596616267751,-0.22148146274625632,0.03679891239443669,0.6561085972850679,0.2568734551624792,0.8506787330316742,0.014705882352941176,0.17986425339366516
0.75,response,last_prompt,all,mid,1222,10,0.8129438471269558,0.7197568253138131,0.8020423932127378,0.7146875308407119,0.6914202720492358,-0.08735486237202597,0.023267258791476102,0.6955810147299509,0.7107860872016757,0.8265139116202946,0.34942716857610473,0.020458265139116204
0.75,response,last_prompt,all,late,1047,9,0.8061818351753195,0.7032463699364109,0.7944087435343034,0.7056475681101027,0.642345395011451,-0.08876117542420084,0.06330217309865147,0.8213944603629417,0.698510396265257,0.8156638013371538,0.3008595988538682,0.014326647564469915
0.75,response,last_prompt,logistic,all,2683,10,0.8101492867787619,0.670136948870557,0.7991426270721772,0.6700693754087735,0.6332087527861444,-0.12907325166340355,0.03686062262262911,0.714498695490123,0.5685227046152107,0.8237048080506896,0.23928438315318673,0.07044353335818114
0.75,response,last_prompt,logistic,early,771,9,0.8078485742174981,0.5677424227711979,0.7992446668281783,0.5701213465804388,0.5380562610275391,-0.22912332024773957,0.03206508555289957,0.6394293125810635,0.23432780715420864,0.8508430609597925,0.009079118028534372,0.19844357976653695
0.75,response,last_prompt,logistic,mid,1036,10,0.8143841900194917,0.7206893274079285,0.8030798406519958,0.7153709064688603,0.69384113869335,-0.08770893418313554,0.021529767775510335,0.6872586872586872,0.7106078253358816,0.8223938223938224,0.3561776061776062,0.023166023166023165
0.75,response,last_prompt,logistic,late,876,9,0.8071658274492395,0.7004724687996539,0.7943964787610253,0.7044615489800024,0.6452491858295462,-0.08993492978102295,0.05921236315045621,0.8127853881278538,0.6945108509466001,0.8013698630136986,0.3036529680365297,0.0136986301369863
0.75,response,last_prompt,DIM,all,470,8,0.8018452830797596,0.6914013572467469,0.7940627299024936,0.689452790875828,0.6291482088808493,-0.10460993902666559,0.060304581994978734,0.7936170212765957,0.644259784089767,0.8638297872340426,0.2404255319148936,0.02127659574468085
0.75,response,last_prompt,DIM,early,113,7,0.7978478419072084,0.613848441700706,0.7898208352027999,0.6204798338162216,0.5513819789897042,-0.1693410013865784,0.06909785482651733,0.7699115044247787,0.41570452908230976,0.8495575221238938,0.05309734513274336,0.05309734513274336
0.75,response,last_prompt,DIM,mid,186,7,0.804921292091111,0.7145628889186334,0.7962639225295594,0.7108812020731761,0.6779363051497618,-0.08538272045638337,0.03294489692341442,0.7419354838709677,0.7118018295060401,0.8494623655913979,0.3118279569892473,0.005376344086021506
0.75,response,last_prompt,DIM,late,171,7,0.8011410326492737,0.7174565301457626,0.7944715736009212,0.7117233152327215,0.6274698350310346,-0.08274825836819977,0.08425348020168692,0.8654970760233918,0.718994070102185,0.8888888888888888,0.28654970760233917,0.017543859649122806
0.75,response,first5,all,all,3153,10,0.8089114555898844,0.7453190332679891,0.7983853953342288,0.7421381209635559,0.7028415355433731,-0.056247274370672756,0.039296585420182766,0.6384395813510942,0.8114945461467076,0.829686013320647,0.5299714557564225,0.056137012369172214
0.75,response,first5,all,early,884,9,0.8065702000647124,0.6896593821966464,0.7980400367674683,0.6908931586631818,0.6425442152995395,-0.10714687810428633,0.048348943363642295,0.6561085972850679,0.6404950178291556,0.8506787330316742,0.3744343891402715,0.08484162895927602
0.75,response,first5,all,mid,1222,10,0.8129438471269558,0.7603112505581713,0.8020423932127378,0.7542833236824333,0.7332956760136984,-0.04775906953030454,0.020987647668734986,0.5957446808510638,0.8418795817954392,0.8265139116202946,0.5564648117839607,0.05564648117839607
0.75,response,first5,all,late,1047,9,0.8061818351753195,0.7748153484718708,0.7944087435343034,0.7712299155682003,0.7182072198230405,-0.02317882796610308,0.05302269574515982,0.673352435530086,0.9212699062947418,0.8156638013371538,0.6303724928366762,0.03247373447946514
0.75,response,first5,logistic,all,2683,10,0.8101492867787619,0.7425879953746553,0.7991426270721772,0.7393930766964395,0.7081849197041169,-0.05974955037573767,0.031208156992322596,0.6254193067461796,0.8002640046304023,0.8237048080506896,0.5210585165859113,0.06000745434215431
0.75,response,first5,logistic,early,771,9,0.8078485742174981,0.6863719445531462,0.7992446668281783,0.6873731953177239,0.643024912028574,-0.11187147151045433,0.044348283289150046,0.6459143968871596,0.6261538335963418,0.8508430609597925,0.3670557717250324,0.09208819714656291
0.75,response,first5,logistic,mid,1036,10,0.8143841900194917,0.7594663263691318,0.8030798406519958,0.7532134202622232,0.7393914439545405,-0.049866420389772646,0.01382197630768261,0.5859073359073359,0.8354677094903499,0.8223938223938224,0.5492277992277992,0.05694980694980695
0.75,response,first5,logistic,late,876,9,0.8071658274492395,0.7721046897503464,0.7943964787610253,0.7688330910900898,0.7286283064557204,-0.025563387670935397,0.04020478463436948,0.6541095890410958,0.913166802203207,0.8013698630136986,0.6232876712328768,0.03538812785388128
0.75,response,first5,DIM,all,470,8,0.8018452830797596,0.7609091921356798,0.7940627299024936,0.7578082353649893,0.6723387702172559,-0.03625449453750433,0.08546946514773349,0.7127659574468085,0.876711698386512,0.8638297872340426,0.5808510638297872,0.03404255319148936
0.75,response,first5,DIM,early,113,7,0.7978478419072084,0.712089598330615,0.7898208352027999,0.7149098997193589,0.6392644172633843,-0.07491093548344105,0.07564548245597437,0.7256637168141593,0.7415267420956032,0.8495575221238938,0.4247787610619469,0.035398230088495575
0.75,response,first5,DIM,mid,186,7,0.804921292091111,0.7650173874390576,0.7962639225295594,0.7602425706896256,0.6993429040421258,-0.036021351839933775,0.06089966664749983,0.6505376344086021,0.8784146529473573,0.8494623655913979,0.5967741935483871,0.04838709677419355
0.75,response,first5,DIM,late,171,7,0.8011410326492737,0.7887015299926624,0.7944715736009212,0.7835083848244856,0.6648220040907156,-0.010963188776435751,0.11868638073376993,0.7719298245614035,0.9627699589390812,0.8888888888888888,0.6666666666666666,0.017543859649122806
