threshold,train_position,eval_position,dataset,display,n_units,n_targets,sel_fold_home,sel_fold_moved,held_home,held_moved,held_native,moved_minus_home,moved_minus_native,frac_moved_beats_native,retention,frac_home_still_ge_tau,frac_moved_ge_tau,frac_moved_below_half
0.7,last_prompt,first5,aita_nta_flip_flipped_minority_balanced_seed0_flipped,AITA NTA flipped,694,1,0.7514607845261569,0.7368132145926777,0.7493736342136159,0.7355876081494162,0.7141608423877498,-0.013786026064199878,0.021426765761666418,0.6671469740634006,0.9447173871942272,0.9337175792507204,0.6988472622478387,0.007204610951008645
0.7,last_prompt,first5,aita_nta_og_verdict_nta_minority_balanced_seed0,AITA NTA original,420,1,0.7578339272216823,0.6952272972681136,0.6983492603390562,0.6985449735449736,0.6648877011121909,0.00019571320591728534,0.03365727243278263,0.6333333333333333,1.0009867100365428,0.5714285714285714,0.6166666666666667,0.11428571428571428
0.7,last_prompt,first5,aita_yta_framing_minority_balanced_seed0,AITA YTA framing,0,,,,,,,,,,,,,
0.7,last_prompt,first5,aita_yta_indirectness_minority_balanced_seed0,AITA YTA indirectness,0,,,,,,,,,,,,,
0.7,last_prompt,first5,aita_yta_validation_minority_balanced_seed0,AITA YTA validation,0,,,,,,,,,,,,,
0.7,last_prompt,first5,ays_freeform_judged_minority_balanced_seed0,AYS freeform,15,1,0.726707128978627,0.6749354005167958,0.6436725838264299,0.6508481262327416,0.6264575936883628,0.007175542406311648,0.024390532544378715,0.9333333333333333,1.0499437137914942,0.0,0.0,0.0
0.7,last_prompt,first5,ays_mc_judged_minority_balanced_seed0,AYS multiple choice,0,,,,,,,,,,,,,
0.7,last_prompt,first5,oeq_framing_minority_balanced_seed0,OEQ framing,201,1,0.7295480596321285,0.6657653697354983,0.7237171583698795,0.6723282767063948,0.6258460225883479,-0.0513888816634846,0.04648225411804691,0.8258706467661692,0.7702953048486267,0.8258706467661692,0.373134328358209,0.024875621890547265
0.7,last_prompt,first5,oeq_indirectness_minority_balanced_seed0,OEQ indirectness,15,1,0.7171369782480894,0.7584488116234148,0.6510246073738136,0.6974594776182078,0.6158058285042413,0.04643487024439404,0.08165364911396658,1.0,1.3074655915473388,0.0,0.5333333333333333,0.0
0.7,last_prompt,first5,oeq_validation_minority_balanced_seed0,OEQ validation,288,1,0.7340760222581059,0.8008834102513355,0.7311162759410406,0.8001351404964699,0.7946658304984547,0.06901886455542927,0.00546930999801501,0.4236111111111111,1.2986326439988007,0.8888888888888888,0.9444444444444444,0.0
0.7,last_prompt,first5,ss_framing_minority_balanced_seed0,SS framing,47,1,0.7249855280031169,0.640323557571733,0.7162416026928167,0.6361795190091849,0.6196711899214962,-0.08006208368363191,0.016508329087688473,0.7872340425531915,0.6297563341806874,0.6382978723404256,0.0,0.0
0.7,last_prompt,first5,ss_indirectness_minority_balanced_seed0,SS indirectness,21,1,0.7159732611969996,0.691846377819085,0.7058983542639523,0.7025610413423807,0.708520348793278,-0.0033373129215718686,-0.005959307450897418,0.38095238095238093,0.983791454120642,0.47619047619047616,0.5238095238095238,0.0
0.7,last_prompt,first5,ss_validation_minority_balanced_seed0,SS validation,514,1,0.7704014367465539,0.8189532637849671,0.7668658467989222,0.816154456326559,0.8069288742007725,0.04928860952763673,0.009225582125786533,0.4027237354085603,1.184694332822494,0.914396887159533,0.9066147859922179,0.0019455252918287938
0.7,last_prompt,first5,sypr_judged_minority_balanced_seed0,SyPR praise,106,1,0.7186343615854431,0.6911043055437907,0.6557460433903846,0.6092080868085699,0.6127054553705554,-0.046537956581814796,-0.003497368561985706,0.5,0.7011933300599799,0.0,0.05660377358490566,0.0660377358490566
0.7,last_prompt,first5,tqa_false_answer_judged_minority_balanced_seed0,TruthfulQA false answer,0,,,,,,,,,,,,,
0.7,last_prompt,response,aita_nta_flip_flipped_minority_balanced_seed0_flipped,AITA NTA flipped,694,1,0.7514607845261569,0.6094645033974626,0.7493736342136159,0.6075530645377453,0.6643697781116255,-0.14182056967587076,-0.05681671357388026,0.15273775216138327,0.43129284648277716,0.9337175792507204,0.03314121037463977,0.020172910662824207
0.7,last_prompt,response,aita_nta_og_verdict_nta_minority_balanced_seed0,AITA NTA original,420,1,0.7578339272216823,0.5916693661591621,0.6983492603390562,0.5901967930029155,0.6616442608789547,-0.10815246733614081,-0.07144746787603931,0.24047619047619048,0.45473722890992396,0.5714285714285714,0.22142857142857142,0.3119047619047619
0.7,last_prompt,response,aita_yta_framing_minority_balanced_seed0,AITA YTA framing,0,,,,,,,,,,,,,
0.7,last_prompt,response,aita_yta_indirectness_minority_balanced_seed0,AITA YTA indirectness,0,,,,,,,,,,,,,
0.7,last_prompt,response,aita_yta_validation_minority_balanced_seed0,AITA YTA validation,0,,,,,,,,,,,,,
0.7,last_prompt,response,ays_freeform_judged_minority_balanced_seed0,AYS freeform,15,1,0.726707128978627,0.6967249564329066,0.6436725838264299,0.6687140039447732,0.649076923076923,0.025041420118343205,0.0196370808678501,0.9333333333333333,1.1742950495593212,0.0,0.0,0.0
0.7,last_prompt,response,ays_mc_judged_minority_balanced_seed0,AYS multiple choice,0,,,,,,,,,,,,,
0.7,last_prompt,response,oeq_framing_minority_balanced_seed0,OEQ framing,201,1,0.7295480596321285,0.6730221322803897,0.7237171583698795,0.6756247951597883,0.5495110713424859,-0.04809236321009106,0.12611372381730246,0.7164179104477612,0.7850305110233059,0.8258706467661692,0.3333333333333333,0.009950248756218905
0.7,last_prompt,response,oeq_indirectness_minority_balanced_seed0,OEQ indirectness,15,1,0.7171369782480894,0.72496010749979,0.6510246073738136,0.6727261274880322,0.7760938943478626,0.021701520114218487,-0.10336776685983036,0.0,1.1436952592798557,0.0,0.5333333333333333,0.0
0.7,last_prompt,response,oeq_validation_minority_balanced_seed0,OEQ validation,288,1,0.7340760222581059,0.7036482950145841,0.7311162759410406,0.6974918615706414,0.8199272852273513,-0.03362441437039933,-0.12243542365671001,0.052083333333333336,0.8545129968303182,0.8888888888888888,0.5416666666666666,0.027777777777777776
0.7,last_prompt,response,ss_framing_minority_balanced_seed0,SS framing,47,1,0.7249855280031169,0.6695684269136556,0.7162416026928167,0.6655649678303677,0.7228888629505841,-0.050676634862449,-0.05732389512021616,0.0425531914893617,0.7656480795953127,0.6382978723404256,0.1276595744680851,0.0
0.7,last_prompt,response,ss_indirectness_minority_balanced_seed0,SS indirectness,21,1,0.7159732611969996,0.5621344697828354,0.7058983542639523,0.5721892269020165,0.5131175288268275,-0.13370912736193596,0.05907169807518904,0.9523809523809523,0.3506061384515641,0.47619047619047616,0.0,0.0
0.7,last_prompt,response,ss_validation_minority_balanced_seed0,SS validation,514,1,0.7704014367465539,0.7531225280733587,0.7668658467989222,0.7516194586753205,0.7860541799399754,-0.015246388123601715,-0.03443472126465493,0.311284046692607,0.9428687173481232,0.914396887159533,0.7976653696498055,0.0019455252918287938
0.7,last_prompt,response,sypr_judged_minority_balanced_seed0,SyPR praise,106,1,0.7186343615854431,0.6976664561297683,0.6557460433903846,0.6588343365139234,0.6009216775495099,0.003088293123538833,0.05791265896441351,0.6886792452830188,1.019829031006572,0.0,0.2830188679245283,0.009433962264150943
0.7,last_prompt,response,tqa_false_answer_judged_minority_balanced_seed0,TruthfulQA false answer,0,,,,,,,,,,,,,
0.7,first5,last_prompt,aita_nta_flip_flipped_minority_balanced_seed0_flipped,AITA NTA flipped,580,1,0.7729781830054062,0.7035418047033292,0.7708402711760243,0.7017323961244107,0.6992621880371427,-0.06910787505161371,0.0024702080872679773,0.5810344827586207,0.7448389977179612,0.9344827586206896,0.6396551724137931,0.08103448275862069
0.7,first5,last_prompt,aita_nta_og_verdict_nta_minority_balanced_seed0,AITA NTA original,469,1,0.7792633044689091,0.6528932113001562,0.751151917767818,0.6457121583530355,0.635045133902886,-0.10543975941478226,0.010667024450149642,0.5906183368869936,0.5801753761153511,0.7249466950959488,0.3859275053304904,0.12366737739872068
0.7,first5,last_prompt,aita_yta_framing_minority_balanced_seed0,AITA YTA framing,0,,,,,,,,,,,,,
0.7,first5,last_prompt,aita_yta_indirectness_minority_balanced_seed0,AITA YTA indirectness,29,1,0.7114810752907571,0.575931924323834,0.6899729221927499,0.5639502425808791,0.5683264753224966,-0.1260226796118706,-0.0043762327416173525,0.5517241379310345,0.3366281986018727,0.41379310344827586,0.0,0.06896551724137931
0.7,first5,last_prompt,aita_yta_validation_minority_balanced_seed0,AITA YTA validation,11,1,0.7091765294469962,0.6355125171469509,0.6741240437619672,0.6431247972617755,0.6349044295823415,-0.03099924650019168,0.008220367679434126,0.2727272727272727,0.8219703274145839,0.0,0.0,0.0
0.7,first5,last_prompt,ays_freeform_judged_minority_balanced_seed0,AYS freeform,0,,,,,,,,,,,,,
0.7,first5,last_prompt,ays_mc_judged_minority_balanced_seed0,AYS multiple choice,0,,,,,,,,,,,,,
0.7,first5,last_prompt,oeq_framing_minority_balanced_seed0,OEQ framing,50,1,0.7322246427326593,0.6573579644475427,0.6717174973858486,0.6615928895085397,0.6795852213314744,-0.010124607877309155,-0.01799233182293482,0.32,0.941039160065564,0.2,0.5,0.12
0.7,first5,last_prompt,oeq_indirectness_minority_balanced_seed0,OEQ indirectness,339,1,0.742920614110388,0.6155912599935637,0.72006055781867,0.6020266950875183,0.5842393222994431,-0.11803386273115166,0.01778737278807514,0.6548672566371682,0.46363008482232576,0.6135693215339233,0.029498525073746312,0.09734513274336283
0.7,first5,last_prompt,oeq_validation_minority_balanced_seed0,OEQ validation,739,1,0.796982364721045,0.6893931929003785,0.7952781990175949,0.6887245648811541,0.6437567390643049,-0.10655363413644098,0.044967825816849195,0.8294993234100135,0.6391415468837524,0.952638700947226,0.550744248985115,0.02571041948579161
0.7,first5,last_prompt,ss_framing_minority_balanced_seed0,SS framing,0,,,,,,,,,,,,,
0.7,first5,last_prompt,ss_indirectness_minority_balanced_seed0,SS indirectness,304,1,0.7184937112696053,0.6466829313445468,0.7102296611490644,0.6486246708090442,0.6260422060387402,-0.061604990340020156,0.022582464770304057,0.7236842105263158,0.706963375180732,0.6907894736842105,0.1118421052631579,0.0
0.7,first5,last_prompt,ss_validation_minority_balanced_seed0,SS validation,850,1,0.7995726719684894,0.7140718166114509,0.7975826859045505,0.7129973546518905,0.6691485317066251,-0.08458533125265995,0.04384882294526549,0.7470588235294118,0.7157585596905638,0.9294117647058824,0.6035294117647059,0.047058823529411764
0.7,first5,last_prompt,sypr_judged_minority_balanced_seed0,SyPR praise,43,1,0.7231900093951139,0.6850519605373104,0.649489015573875,0.6366638963112222,0.6391514342871663,-0.01282511926265266,-0.0024875379759438936,0.5348837209302325,0.9142069454841331,0.0,0.023255813953488372,0.023255813953488372
0.7,first5,last_prompt,tqa_false_answer_judged_minority_balanced_seed0,TruthfulQA false answer,0,,,,,,,,,,,,,
0.7,first5,response,aita_nta_flip_flipped_minority_balanced_seed0_flipped,AITA NTA flipped,580,1,0.7729781830054062,0.6095861780889004,0.7708402711760243,0.608266211505776,0.6946496029345394,-0.1625740596702484,-0.08638339142876349,0.06896551724137931,0.3997419255108178,0.9344827586206896,0.056896551724137934,0.02586206896551724
0.7,first5,response,aita_nta_og_verdict_nta_minority_balanced_seed0,AITA NTA original,469,1,0.7792633044689091,0.6323327483089896,0.751151917767818,0.6276235440871445,0.7319899530530051,-0.12352837368067342,-0.10436640896586069,0.10021321961620469,0.5081527755050966,0.7249466950959488,0.31769722814498935,0.23667377398720682
0.7,first5,response,aita_yta_framing_minority_balanced_seed0,AITA YTA framing,0,,,,,,,,,,,,,
0.7,first5,response,aita_yta_indirectness_minority_balanced_seed0,AITA YTA indirectness,29,1,0.7114810752907571,0.628461240903217,0.6899729221927499,0.629201594345825,0.7018982803962908,-0.06077132784692467,-0.07269668605046589,0.0,0.6801053163499523,0.41379310344827586,0.0,0.0
0.7,first5,response,aita_yta_validation_minority_balanced_seed0,AITA YTA validation,11,1,0.7091765294469962,0.6808750359717352,0.6741240437619672,0.6905617285143241,0.7191947212304927,0.01643768475235684,-0.028632992716168534,0.36363636363636365,1.0944021537590045,0.0,0.2727272727272727,0.0
0.7,first5,response,ays_freeform_judged_minority_balanced_seed0,AYS freeform,0,,,,,,,,,,,,,
0.7,first5,response,ays_mc_judged_minority_balanced_seed0,AYS multiple choice,0,,,,,,,,,,,,,
0.7,first5,response,oeq_framing_minority_balanced_seed0,OEQ framing,50,1,0.7322246427326593,0.7386833391425585,0.6717174973858486,0.7275130707563611,0.6658217148832345,0.05579557337051237,0.06169135587312652,0.66,1.3249265463328992,0.2,0.78,0.0
0.7,first5,response,oeq_indirectness_minority_balanced_seed0,OEQ indirectness,339,1,0.742920614110388,0.6891140483288257,0.72006055781867,0.6776641389648834,0.6961181828789639,-0.04239641885378647,-0.018454043914080436,0.31563421828908556,0.8073420367827968,0.6135693215339233,0.49852507374631266,0.07669616519174041
0.7,first5,response,oeq_validation_minority_balanced_seed0,OEQ validation,739,1,0.796982364721045,0.6902127611672032,0.7952781990175949,0.6895238576072731,0.7509646709835538,-0.10575434141032196,-0.061440813376280684,0.28010825439783493,0.6418484610033124,0.952638700947226,0.5818673883626523,0.07848443843031123
0.7,first5,response,ss_framing_minority_balanced_seed0,SS framing,0,,,,,,,,,,,,,
0.7,first5,response,ss_indirectness_minority_balanced_seed0,SS indirectness,304,1,0.7184937112696053,0.584378497218928,0.7102296611490644,0.5851390118425229,0.5968404279900005,-0.12509064930654148,-0.011701416147477545,0.4868421052631579,0.40498096879942497,0.6907894736842105,0.019736842105263157,0.11842105263157894
0.7,first5,response,ss_validation_minority_balanced_seed0,SS validation,850,1,0.7995726719684894,0.7394491834469636,0.7975826859045505,0.7386745387330703,0.7599713434529721,-0.0589081471714803,-0.021296804719901866,0.4,0.8020444402119049,0.9294117647058824,0.6411764705882353,0.0
0.7,first5,response,sypr_judged_minority_balanced_seed0,SyPR praise,43,1,0.7231900093951139,0.7460139666639846,0.649489015573875,0.6980739071809965,0.6523115345433723,0.04858489160712151,0.04576237263762412,0.9302325581395349,1.3250064322158286,0.0,0.5581395348837209,0.0
0.7,first5,response,tqa_false_answer_judged_minority_balanced_seed0,TruthfulQA false answer,0,,,,,,,,,,,,,
0.7,response,last_prompt,aita_nta_flip_flipped_minority_balanced_seed0_flipped,AITA NTA flipped,414,1,0.7436197848351421,0.6703189804893339,0.7389923412933838,0.6679160999654261,0.6634496870194811,-0.07107624132795756,0.00446641294594511,0.5024154589371981,0.7026003388087427,0.8599033816425121,0.4806763285024155,0.08695652173913043
0.7,response,last_prompt,aita_nta_og_verdict_nta_minority_balanced_seed0,AITA NTA original,622,1,0.8016665937543291,0.6162496080961859,0.7714699491801007,0.6335061355732003,0.623533550612099,-0.1379638136069004,0.00997258496110127,0.5530546623794212,0.49178973944047366,0.7331189710610932,0.3504823151125402,0.20418006430868169
0.7,response,last_prompt,aita_yta_framing_minority_balanced_seed0,AITA YTA framing,33,1,0.7127492863695719,0.5388996258376186,0.6867724930797593,0.5508566296974564,0.5605750169994789,-0.13591586338230277,-0.009718387302022503,0.3939393939393939,0.2722918608562911,0.36363636363636365,0.0,0.2727272727272727
0.7,response,last_prompt,aita_yta_indirectness_minority_balanced_seed0,AITA YTA indirectness,212,1,0.7504129490590847,0.5582633229131777,0.7495418407235805,0.558109133297359,0.5561996436678948,-0.1914327074262216,0.0019094896294642337,0.5660377358490566,0.23286328708990708,0.9622641509433962,0.0,0.07075471698113207
0.7,response,last_prompt,aita_yta_validation_minority_balanced_seed0,AITA YTA validation,692,1,0.7496790779583552,0.6028918512439858,0.7482796709997878,0.6020366248764336,0.5770033640078381,-0.1462430461233542,0.025033260868595367,0.7326589595375722,0.4109745452196964,0.9190751445086706,0.08670520231213873,0.11560693641618497
0.7,response,last_prompt,ays_freeform_judged_minority_balanced_seed0,AYS freeform,3,1,0.7073092562546321,0.7258578210444084,0.6533136094674556,0.6500197238658777,0.6535897435897436,-0.0032938856015779137,-0.003570019723865873,0.0,0.9785153737295764,0.0,0.0,0.0
0.7,response,last_prompt,ays_mc_judged_minority_balanced_seed0,AYS multiple choice,0,,,,,,,,,,,,,
0.7,response,last_prompt,oeq_framing_minority_balanced_seed0,OEQ framing,63,1,0.7526487299927522,0.7123728194658834,0.746250975119919,0.7106265940790165,0.6914699829042805,-0.03562438104090249,0.019156611174735945,0.6349206349206349,0.8553330356415678,0.7619047619047619,0.6190476190476191,0.0
0.7,response,last_prompt,oeq_indirectness_minority_balanced_seed0,OEQ indirectness,887,1,0.7751388082896109,0.6216621602083565,0.7700862632413608,0.617909926507661,0.5712885346213311,-0.1521763367336997,0.046621391886329876,0.7857948139797069,0.4365639521706869,0.9131905298759865,0.12852311161217586,0.08906426155580609
0.7,response,last_prompt,oeq_validation_minority_balanced_seed0,OEQ validation,926,1,0.8022946132525031,0.6787294083375311,0.7983962860234157,0.6762757813722503,0.617344656613877,-0.12212050465116536,0.05893112475837327,0.7667386609071274,0.590743885325763,0.9287257019438445,0.5107991360691144,0.06587473002159827
0.7,response,last_prompt,ss_framing_minority_balanced_seed0,SS framing,71,1,0.732507264656961,0.6794041362863219,0.7189264283156124,0.6793593684577627,0.6893245826803059,-0.03956705985784974,-0.00996521422254335,0.28169014084507044,0.819267777936758,0.647887323943662,0.43661971830985913,0.014084507042253521
0.7,response,last_prompt,ss_indirectness_minority_balanced_seed0,SS indirectness,26,1,0.7122220052242269,0.6013333170584837,0.6980730578001284,0.58196014289318,0.5526450699411665,-0.11611291490694854,0.0293150729520136,0.8076923076923077,0.41378743683497,0.46153846153846156,0.0,0.0
0.7,response,last_prompt,ss_validation_minority_balanced_seed0,SS validation,921,1,0.7974902531973718,0.7130298242687415,0.7962686816605155,0.713585235290303,0.6611215365560358,-0.0826834463702123,0.052463698734267296,0.7285559174809989,0.720917358166947,0.9576547231270358,0.5504885993485342,0.04234527687296417
0.7,response,last_prompt,sypr_judged_minority_balanced_seed0,SyPR praise,241,1,0.7265023470518142,0.664389169663557,0.6584265074964885,0.621086811819797,0.6287348446600725,-0.03733969567669155,-0.00764803284027548,0.3817427385892116,0.7643090397765719,0.1908713692946058,0.029045643153526972,0.008298755186721992
0.7,response,last_prompt,tqa_false_answer_judged_minority_balanced_seed0,TruthfulQA false answer,0,,,,,,,,,,,,,
0.7,response,first5,aita_nta_flip_flipped_minority_balanced_seed0_flipped,AITA NTA flipped,414,1,0.7436197848351421,0.6265889495612353,0.7389923412933838,0.625848773840129,0.6988433240912264,-0.11314356745325473,-0.07299455025109741,0.21739130434782608,0.5265807814554141,0.8599033816425121,0.3888888888888889,0.1932367149758454
0.7,response,first5,aita_nta_og_verdict_nta_minority_balanced_seed0,AITA NTA original,622,1,0.8016665937543291,0.5899428367274027,0.7714699491801007,0.589442475811332,0.6698939490051112,-0.1820274733687687,-0.08045147319377913,0.2942122186495177,0.3294746843305054,0.7331189710610932,0.3360128617363344,0.3295819935691318
0.7,response,first5,aita_yta_framing_minority_balanced_seed0,AITA YTA framing,33,1,0.7127492863695719,0.5808894564488001,0.6867724930797593,0.5651416557020649,0.5894704060056714,-0.12163083737769438,-0.024328750303606456,0.3333333333333333,0.3487754252669679,0.36363636363636365,0.0,0.030303030303030304
0.7,response,first5,aita_yta_indirectness_minority_balanced_seed0,AITA YTA indirectness,212,1,0.7504129490590847,0.6444801765068909,0.7495418407235805,0.6440273474811756,0.629156529498964,-0.10551449324240507,0.014870817982211307,0.6132075471698113,0.5771671278193217,0.9622641509433962,0.14150943396226415,0.014150943396226415
0.7,response,first5,aita_yta_validation_minority_balanced_seed0,AITA YTA validation,692,1,0.7496790779583552,0.6346808330563345,0.7482796709997878,0.6348093861437326,0.5846459444628679,-0.11347028485605512,0.05016344168086467,0.7875722543352601,0.5429739196965823,0.9190751445086706,0.1430635838150289,0.033236994219653176
0.7,response,first5,ays_freeform_judged_minority_balanced_seed0,AYS freeform,3,1,0.7073092562546321,0.6769224605893075,0.6533136094674556,0.6412031558185405,0.6220118343195266,-0.012110453648915201,0.019191321499013814,1.0,0.9210086195805997,0.0,0.0,0.0
0.7,response,first5,ays_mc_judged_minority_balanced_seed0,AYS multiple choice,0,,,,,,,,,,,,,
0.7,response,first5,oeq_framing_minority_balanced_seed0,OEQ framing,63,1,0.7526487299927522,0.7020524545358982,0.746250975119919,0.7031804123996527,0.6888641305249878,-0.04307056272026646,0.014316281874664586,0.6507936507936508,0.8250948541450775,0.7619047619047619,0.5238095238095238,0.0
0.7,response,first5,oeq_indirectness_minority_balanced_seed0,OEQ indirectness,887,1,0.7751388082896109,0.7380937468310637,0.7700862632413608,0.7328586994528907,0.6234822836395821,-0.03722756378847,0.10937641581330851,0.9289740698985344,0.8621641717661077,0.9131905298759865,0.7316798196166855,0.005636978579481398
0.7,response,first5,oeq_validation_minority_balanced_seed0,OEQ validation,926,1,0.8022946132525031,0.8308390904146143,0.7983962860234157,0.8292367768852128,0.7196169818950033,0.030840490861796986,0.10961979499020943,0.7883369330453563,1.1033541377903644,0.9287257019438445,0.9395248380129589,0.0
0.7,response,first5,ss_framing_minority_balanced_seed0,SS framing,71,1,0.732507264656961,0.6176815694373817,0.7189264283156124,0.6146386622798544,0.5948563722762105,-0.10428776603575789,0.01978229000364408,0.6901408450704225,0.5236401249582673,0.647887323943662,0.1267605633802817,0.0
0.7,response,first5,ss_indirectness_minority_balanced_seed0,SS indirectness,26,1,0.7122220052242269,0.5968007714278739,0.6980730578001284,0.5944551587204714,0.6238943274011507,-0.10361789907965724,-0.02943916868067931,0.3076923076923077,0.4768703011379984,0.46153846153846156,0.3076923076923077,0.19230769230769232
0.7,response,first5,ss_validation_minority_balanced_seed0,SS validation,921,1,0.7974902531973718,0.7987491930613209,0.7962686816605155,0.7990135901489326,0.762320942790878,0.0027449084884172835,0.03669264735805465,0.5233441910966341,1.0092649296342515,0.9576547231270358,0.8447339847991314,0.0
0.7,response,first5,sypr_judged_minority_balanced_seed0,SyPR praise,241,1,0.7265023470518142,0.6751747600336168,0.6584265074964885,0.6180996939158305,0.6055553259245359,-0.04032681358065797,0.012544367991294535,0.5435684647302904,0.7454541274820959,0.1908713692946058,0.03734439834024896,0.004149377593360996
0.7,response,first5,tqa_false_answer_judged_minority_balanced_seed0,TruthfulQA false answer,0,,,,,,,,,,,,,
0.75,last_prompt,first5,aita_nta_flip_flipped_minority_balanced_seed0_flipped,AITA NTA flipped,295,1,0.7870345354912706,0.7608186190523389,0.7835814583539829,0.7596401550014396,0.7383853230061972,-0.023941303352543308,0.02125483199524235,0.6576271186440678,0.9155752160542937,0.8542372881355932,0.6237288135593221,0.003389830508474576
0.75,last_prompt,first5,aita_nta_og_verdict_nta_minority_balanced_seed0,AITA NTA original,216,1,0.7933909674981103,0.7264581758629378,0.7410504325186864,0.7301639791719157,0.6967408877131099,-0.010886453346770809,0.033423091458805745,0.5787037037037037,0.9548374452888534,0.6018518518518519,0.5462962962962963,0.10185185185185185
0.75,last_prompt,first5,aita_yta_framing_minority_balanced_seed0,AITA YTA framing,0,,,,,,,,,,,,,
0.75,last_prompt,first5,aita_yta_indirectness_minority_balanced_seed0,AITA YTA indirectness,0,,,,,,,,,,,,,
0.75,last_prompt,first5,aita_yta_validation_minority_balanced_seed0,AITA YTA validation,0,,,,,,,,,,,,,
0.75,last_prompt,first5,ays_freeform_judged_minority_balanced_seed0,AYS freeform,0,,,,,,,,,,,,,
0.75,last_prompt,first5,ays_mc_judged_minority_balanced_seed0,AYS multiple choice,0,,,,,,,,,,,,,
0.75,last_prompt,first5,oeq_framing_minority_balanced_seed0,OEQ framing,38,1,0.7656424850030271,0.670439223276036,0.7238160646475024,0.6886626093815926,0.6697226247913265,-0.035153455265909635,0.018939984590266187,0.7631578947368421,0.8429359602883089,0.0,0.07894736842105263,0.0
0.75,last_prompt,first5,oeq_indirectness_minority_balanced_seed0,OEQ indirectness,0,,,,,,,,,,,,,
0.75,last_prompt,first5,oeq_validation_minority_balanced_seed0,OEQ validation,56,1,0.7689185701468801,0.7913274048233235,0.7635602364558406,0.7834996394354807,0.7231043662988801,0.01993940297964022,0.06039527313660063,0.5714285714285714,1.0756540639353274,0.6785714285714286,0.7857142857142857,0.0
0.75,last_prompt,first5,ss_framing_minority_balanced_seed0,SS framing,0,,,,,,,,,,,,,
0.75,last_prompt,first5,ss_indirectness_minority_balanced_seed0,SS indirectness,0,,,,,,,,,,,,,
0.75,last_prompt,first5,ss_validation_minority_balanced_seed0,SS validation,318,1,0.7973765403184,0.8514688733225018,0.7869320417455172,0.8447226556958435,0.8342618739800729,0.057790613950326156,0.010460781715770381,0.3710691823899371,1.2014087154531918,0.7861635220125787,0.9339622641509434,0.0
0.75,last_prompt,first5,sypr_judged_minority_balanced_seed0,SyPR praise,0,,,,,,,,,,,,,
0.75,last_prompt,first5,tqa_false_answer_judged_minority_balanced_seed0,TruthfulQA false answer,0,,,,,,,,,,,,,
0.75,last_prompt,response,aita_nta_flip_flipped_minority_balanced_seed0_flipped,AITA NTA flipped,295,1,0.7870345354912706,0.6241032902406676,0.7835814583539829,0.6211930957336845,0.6836489528907014,-0.16238836262029838,-0.06245585715701683,0.13898305084745763,0.4273660782941749,0.8542372881355932,0.0,0.020338983050847456
0.75,last_prompt,response,aita_nta_og_verdict_nta_minority_balanced_seed0,AITA NTA original,216,1,0.7933909674981103,0.6411380910388847,0.7410504325186864,0.6325087133618879,0.7184508062484254,-0.10854171915679853,-0.08594209288653733,0.14351851851851852,0.5497136511116432,0.6018518518518519,0.2175925925925926,0.18055555555555555
0.75,last_prompt,response,aita_yta_framing_minority_balanced_seed0,AITA YTA framing,0,,,,,,,,,,,,,
0.75,last_prompt,response,aita_yta_indirectness_minority_balanced_seed0,AITA YTA indirectness,0,,,,,,,,,,,,,
0.75,last_prompt,response,aita_yta_validation_minority_balanced_seed0,AITA YTA validation,0,,,,,,,,,,,,,
0.75,last_prompt,response,ays_freeform_judged_minority_balanced_seed0,AYS freeform,0,,,,,,,,,,,,,
0.75,last_prompt,response,ays_mc_judged_minority_balanced_seed0,AYS multiple choice,0,,,,,,,,,,,,,
0.75,last_prompt,response,oeq_framing_minority_balanced_seed0,OEQ framing,38,1,0.7656424850030271,0.6854224376731302,0.7238160646475024,0.666272633046541,0.49292459320137216,-0.057543431600961266,0.17334803984516886,0.7894736842105263,0.7428985640883778,0.0,0.02631578947368421,0.02631578947368421
0.75,last_prompt,response,oeq_indirectness_minority_balanced_seed0,OEQ indirectness,0,,,,,,,,,,,,,
0.75,last_prompt,response,oeq_validation_minority_balanced_seed0,OEQ validation,56,1,0.7689185701468801,0.7492894683784318,0.7635602364558406,0.7312653734540627,0.8320649393069803,-0.032294863001777814,-0.10079956585291759,0.08928571428571429,0.8774668613291032,0.6785714285714286,0.42857142857142855,0.0
0.75,last_prompt,response,ss_framing_minority_balanced_seed0,SS framing,0,,,,,,,,,,,,,
0.75,last_prompt,response,ss_indirectness_minority_balanced_seed0,SS indirectness,0,,,,,,,,,,,,,
0.75,last_prompt,response,ss_validation_minority_balanced_seed0,SS validation,318,1,0.7973765403184,0.7772628884421806,0.7869320417455172,0.7727309551914674,0.8244781587289689,-0.014201086554049778,-0.051747203537501646,0.16666666666666666,0.9505071428493688,0.7861635220125787,0.7578616352201258,0.0
0.75,last_prompt,response,sypr_judged_minority_balanced_seed0,SyPR praise,0,,,,,,,,,,,,,
0.75,last_prompt,response,tqa_false_answer_judged_minority_balanced_seed0,TruthfulQA false answer,0,,,,,,,,,,,,,
0.75,first5,last_prompt,aita_nta_flip_flipped_minority_balanced_seed0_flipped,AITA NTA flipped,396,1,0.7956640338219285,0.7246171686230165,0.7939781412003634,0.7234925838727009,0.715704243774419,-0.07048555732766258,0.007788340098281615,0.6212121212121212,0.7602353799508432,0.9242424242424242,0.51010101010101,0.050505050505050504
0.75,first5,last_prompt,aita_nta_og_verdict_nta_minority_balanced_seed0,AITA NTA original,300,1,0.8099130763416478,0.6618310657596371,0.7606122448979591,0.6466307634164777,0.6268216175359033,-0.11398148148148148,0.019809145880574454,0.62,0.5626395777139712,0.5266666666666666,0.31,0.13
0.75,first5,last_prompt,aita_yta_framing_minority_balanced_seed0,AITA YTA framing,0,,,,,,,,,,,,,
0.75,first5,last_prompt,aita_yta_indirectness_minority_balanced_seed0,AITA YTA indirectness,0,,,,,,,,,,,,,
0.75,first5,last_prompt,aita_yta_validation_minority_balanced_seed0,AITA YTA validation,0,,,,,,,,,,,,,
0.75,first5,last_prompt,ays_freeform_judged_minority_balanced_seed0,AYS freeform,0,,,,,,,,,,,,,
0.75,first5,last_prompt,ays_mc_judged_minority_balanced_seed0,AYS multiple choice,0,,,,,,,,,,,,,
0.75,first5,last_prompt,oeq_framing_minority_balanced_seed0,OEQ framing,11,1,0.7639302576127254,0.6947027789220189,0.6988933426280934,0.7030997496752116,0.702481859374505,0.0042064070471180956,0.0006178903007066108,0.36363636363636365,1.021149059046102,0.0,0.18181818181818182,0.0
0.75,first5,last_prompt,oeq_indirectness_minority_balanced_seed0,OEQ indirectness,116,1,0.7806540560029886,0.6387417355192397,0.7298508483853312,0.5965456425226539,0.5843693799358826,-0.13330520586267716,0.012176262586771618,0.5948275862068966,0.4200360503381778,0.22413793103448276,0.0,0.09482758620689655
0.75,first5,last_prompt,oeq_validation_minority_balanced_seed0,OEQ validation,582,1,0.8166016174056943,0.7037871087183981,0.8152412024509124,0.7030003293602348,0.6623375959223499,-0.11224087309067765,0.040662733437884936,0.8780068728522337,0.6439524014689829,0.9553264604810997,0.2869415807560137,0.020618556701030927
0.75,first5,last_prompt,ss_framing_minority_balanced_seed0,SS framing,0,,,,,,,,,,,,,
0.75,first5,last_prompt,ss_indirectness_minority_balanced_seed0,SS indirectness,8,1,0.7575306780916111,0.6420977467470643,0.7210343277266477,0.6874338834232518,0.6276777213582989,-0.033600444303395774,0.059756162064952906,0.875,0.847985402769884,0.0,0.0,0.0
0.75,first5,last_prompt,ss_validation_minority_balanced_seed0,SS validation,574,1,0.8363938987564896,0.7517339548990813,0.8338858948040668,0.7504045598184536,0.709604619332171,-0.0834813349856134,0.04079994048628243,0.759581881533101,0.7499704651057442,0.9128919860627178,0.5801393728222997,0.013937282229965157
0.75,first5,last_prompt,sypr_judged_minority_balanced_seed0,SyPR praise,2,1,0.7539422658668484,0.7190188728009904,0.6800988228673667,0.6936775702590636,0.6814192175144792,0.01357874739169701,0.012258352744584478,1.0,1.075396091853954,0.0,0.0,0.0
0.75,first5,last_prompt,tqa_false_answer_judged_minority_balanced_seed0,TruthfulQA false answer,0,,,,,,,,,,,,,
0.75,first5,response,aita_nta_flip_flipped_minority_balanced_seed0_flipped,AITA NTA flipped,396,1,0.7956640338219285,0.615350455262736,0.7939781412003634,0.6144551896013885,0.7075253369113018,-0.17952295159897494,-0.09307014730991339,0.03787878787878788,0.38933231271566043,0.9242424242424242,0.010101010101010102,0.022727272727272728
0.75,first5,response,aita_nta_og_verdict_nta_minority_balanced_seed0,AITA NTA original,300,1,0.8099130763416478,0.6386054421768708,0.7606122448979591,0.647207105064248,0.7655839002267574,-0.11340513983371124,-0.11837679516250946,0.03666666666666667,0.5648510687664958,0.5266666666666666,0.25333333333333335,0.19666666666666666
0.75,first5,response,aita_yta_framing_minority_balanced_seed0,AITA YTA framing,0,,,,,,,,,,,,,
0.75,first5,response,aita_yta_indirectness_minority_balanced_seed0,AITA YTA indirectness,0,,,,,,,,,,,,,
0.75,first5,response,aita_yta_validation_minority_balanced_seed0,AITA YTA validation,0,,,,,,,,,,,,,
0.75,first5,response,ays_freeform_judged_minority_balanced_seed0,AYS freeform,0,,,,,,,,,,,,,
0.75,first5,response,ays_mc_judged_minority_balanced_seed0,AYS multiple choice,0,,,,,,,,,,,,,
0.75,first5,response,oeq_framing_minority_balanced_seed0,OEQ framing,11,1,0.7639302576127254,0.7660295003010233,0.6988933426280934,0.7530300389746191,0.7084191514306537,0.054136696346525556,0.044610887543965284,0.45454545454545453,1.272189584785423,0.0,0.6363636363636364,0.0
0.75,first5,response,oeq_indirectness_minority_balanced_seed0,OEQ indirectness,116,1,0.7806540560029886,0.702763768342586,0.7298508483853312,0.6787810270979402,0.6996512845240267,-0.051069821287391085,-0.02087025742608666,0.3620689655172414,0.7778132138900113,0.22413793103448276,0.22413793103448276,0.05172413793103448
0.75,first5,response,oeq_validation_minority_balanced_seed0,OEQ validation,582,1,0.8166016174056943,0.7116346180935056,0.8152412024509124,0.7101968766777385,0.7602761291786216,-0.10504432577317395,-0.05007925250088308,0.2663230240549828,0.6667811029888111,0.9553264604810997,0.42439862542955326,0.03951890034364261
0.75,first5,response,ss_framing_minority_balanced_seed0,SS framing,0,,,,,,,,,,,,,
0.75,first5,response,ss_indirectness_minority_balanced_seed0,SS indirectness,8,1,0.7575306780916111,0.5670951020839945,0.7210343277266477,0.5652173913043479,0.5128332275468106,-0.15581693642229982,0.05238416375753729,1.0,0.2950554874218542,0.0,0.0,0.0
0.75,first5,response,ss_validation_minority_balanced_seed0,SS validation,574,1,0.8363938987564896,0.7721504965490448,0.8338858948040668,0.77085770438192,0.795808632751427,-0.06302819042214701,-0.024950928369507033,0.3623693379790941,0.8112283525510012,0.9128919860627178,0.6358885017421603,0.0
0.75,first5,response,sypr_judged_minority_balanced_seed0,SyPR praise,2,1,0.7539422658668484,0.778990235341763,0.6800988228673667,0.7465003366764716,0.6886870261963292,0.06640151380910497,0.057813310480142543,1.0,1.368694879577343,0.0,0.0,0.0
0.75,first5,response,tqa_false_answer_judged_minority_balanced_seed0,TruthfulQA false answer,0,,,,,,,,,,,,,
0.75,response,last_prompt,aita_nta_flip_flipped_minority_balanced_seed0_flipped,AITA NTA flipped,134,1,0.7903097295477499,0.7051501057785425,0.7779066239396168,0.701634683724236,0.6915844752843967,-0.07627194021538089,0.01005020843983924,0.43283582089552236,0.7255483185893651,0.746268656716418,0.31343283582089554,0.014925373134328358
0.75,response,last_prompt,aita_nta_og_verdict_nta_minority_balanced_seed0,AITA NTA original,445,1,0.8328581619913883,0.6200603837040434,0.7931361308568371,0.6418188998445821,0.6401016586409846,-0.15131723101225508,0.0017172412035975431,0.5235955056179775,0.48379877100119095,0.6292134831460674,0.2808988764044944,0.1797752808988764
0.75,response,last_prompt,aita_yta_framing_minority_balanced_seed0,AITA YTA framing,0,,,,,,,,,,,,,
0.75,response,last_prompt,aita_yta_indirectness_minority_balanced_seed0,AITA YTA indirectness,99,1,0.7790262918468048,0.5590525778827061,0.7747967844121691,0.561713764037482,0.5573446911587937,-0.21308302037468707,0.004369072878688273,0.6464646464646465,0.22457964407952155,0.8686868686868687,0.0,0.04040404040404041
0.75,response,last_prompt,aita_yta_validation_minority_balanced_seed0,AITA YTA validation,374,1,0.7716550443543232,0.6314773423379263,0.7703952335888286,0.6306214079482176,0.6007024051400447,-0.13977382564061094,0.02991900280817301,0.8262032085561497,0.483075852390374,0.9144385026737968,0.0,0.06149732620320856
0.75,response,last_prompt,ays_freeform_judged_minority_balanced_seed0,AYS freeform,0,,,,,,,,,,,,,
0.75,response,last_prompt,ays_mc_judged_minority_balanced_seed0,AYS multiple choice,0,,,,,,,,,,,,,
0.75,response,last_prompt,oeq_framing_minority_balanced_seed0,OEQ framing,34,1,0.7809097759006007,0.7184046501137925,0.7768975662764235,0.7129021179751093,0.6990227687450024,-0.06399544830131425,0.013879349230106818,0.5882352941176471,0.7688840347645803,0.8823529411764706,0.3235294117647059,0.0
0.75,response,last_prompt,oeq_indirectness_minority_balanced_seed0,OEQ indirectness,598,1,0.798251562485517,0.6363278620007399,0.7879729062441279,0.6270653374690642,0.5795424573892484,-0.1609075687750636,0.0475228800798159,0.7842809364548495,0.4412405983823531,0.7959866220735786,0.0,0.07859531772575251
0.75,response,last_prompt,oeq_validation_minority_balanced_seed0,OEQ validation,760,1,0.8188365126488227,0.6929170614489456,0.8151967089927183,0.6911036635268596,0.6310983086076893,-0.1240930454658588,0.06000535491917026,0.7894736842105263,0.6062996791355282,0.9210526315789473,0.24473684210526317,0.04868421052631579
0.75,response,last_prompt,ss_framing_minority_balanced_seed0,SS framing,18,1,0.7653175220961936,0.7069422821887793,0.7467025601107076,0.7040366224330936,0.7211498463768833,-0.042665937677613855,-0.017113223943789595,0.16666666666666666,0.8270551482786898,0.3333333333333333,0.0,0.0
0.75,response,last_prompt,ss_indirectness_minority_balanced_seed0,SS indirectness,0,,,,,,,,,,,,,
0.75,response,last_prompt,ss_validation_minority_balanced_seed0,SS validation,659,1,0.8254542072821703,0.7504032793639839,0.8232012375543319,0.748302743574084,0.6878976796071549,-0.07489849398024796,0.06040506396692909,0.7981790591805766,0.7682604975556224,0.9044006069802731,0.5933232169954477,0.009104704097116844
0.75,response,last_prompt,sypr_judged_minority_balanced_seed0,SyPR praise,32,1,0.7587715559763101,0.6935264717657958,0.693415968076412,0.6400538548113591,0.6552566835917741,-0.05336211326505298,-0.015202828780415002,0.25,0.724106991807567,0.0,0.0,0.0
0.75,response,last_prompt,tqa_false_answer_judged_minority_balanced_seed0,TruthfulQA false answer,0,,,,,,,,,,,,,
0.75,response,first5,aita_nta_flip_flipped_minority_balanced_seed0_flipped,AITA NTA flipped,134,1,0.7903097295477499,0.6592567654625784,0.7779066239396168,0.658862537770629,0.7417176855904272,-0.11904408616898797,-0.08285514781979825,0.08955223880597014,0.5716399829503395,0.746268656716418,0.20149253731343283,0.12686567164179105
0.75,response,first5,aita_nta_og_verdict_nta_minority_balanced_seed0,AITA NTA original,445,1,0.8328581619913883,0.5911449973247724,0.7931361308568371,0.5943450788555122,0.6879691202323627,-0.19879105200132488,-0.09362404137685036,0.24719101123595505,0.32184732253830844,0.6292134831460674,0.20449438202247192,0.32134831460674157
0.75,response,first5,aita_yta_framing_minority_balanced_seed0,AITA YTA framing,0,,,,,,,,,,,,,
0.75,response,first5,aita_yta_indirectness_minority_balanced_seed0,AITA YTA indirectness,99,1,0.7790262918468048,0.6228141664840382,0.7747967844121691,0.6211617946393588,0.629699049170203,-0.1536349897728103,-0.008537254530844274,0.46464646464646464,0.4409141646200183,0.8686868686868687,0.0,0.030303030303030304
0.75,response,first5,aita_yta_validation_minority_balanced_seed0,AITA YTA validation,374,1,0.7716550443543232,0.6563780974348167,0.7703952335888286,0.6566143698999167,0.6047912646420888,-0.11378086368891183,0.05182310525782799,0.8529411764705882,0.5792053647590159,0.9144385026737968,0.0,0.03208556149732621
0.75,response,first5,ays_freeform_judged_minority_balanced_seed0,AYS freeform,0,,,,,,,,,,,,,
0.75,response,first5,ays_mc_judged_minority_balanced_seed0,AYS multiple choice,0,,,,,,,,,,,,,
0.75,response,first5,oeq_framing_minority_balanced_seed0,OEQ framing,34,1,0.7809097759006007,0.7133788161482789,0.7768975662764235,0.7149088635105489,0.707812211674492,-0.06198870276587458,0.007096651836056837,0.6176470588235294,0.7761312834942292,0.8823529411764706,0.20588235294117646,0.0
0.75,response,first5,oeq_indirectness_minority_balanced_seed0,OEQ indirectness,598,1,0.798251562485517,0.7463138234359765,0.7879729062441279,0.7351909362778927,0.639109452774049,-0.05278196996623497,0.09608148350384375,0.931438127090301,0.8167120280354101,0.7959866220735786,0.48327759197324416,0.0033444816053511705
0.75,response,first5,oeq_validation_minority_balanced_seed0,OEQ validation,760,1,0.8188365126488227,0.8407031950300351,0.8151967089927183,0.8394540172644641,0.743113670362546,0.024257308271745718,0.09634034690191792,0.756578947368421,1.0769592688618654,0.9210526315789473,0.9078947368421053,0.0
0.75,response,first5,ss_framing_minority_balanced_seed0,SS framing,18,1,0.7653175220961936,0.6450054983072627,0.7467025601107076,0.6216680669846213,0.6130689821335903,-0.12503449312608628,0.008599084851030898,0.6111111111111112,0.4931771560458183,0.3333333333333333,0.0,0.0
0.75,response,first5,ss_indirectness_minority_balanced_seed0,SS indirectness,0,,,,,,,,,,,,,
0.75,response,first5,ss_validation_minority_balanced_seed0,SS validation,659,1,0.8254542072821703,0.8319686538475201,0.8232012375543319,0.830191929848959,0.7883893818492749,0.006990692294626967,0.041802547999683984,0.5356600910470409,1.0216295344272988,0.9044006069802731,0.8603945371775418,0.0
0.75,response,first5,sypr_judged_minority_balanced_seed0,SyPR praise,32,1,0.7587715559763101,0.6901423233840661,0.693415968076412,0.6218413088606589,0.6371091438537482,-0.07157465921575323,-0.015267834993089275,0.28125,0.6299444149953719,0.0,0.0,0.0
0.75,response,first5,tqa_false_answer_judged_minority_balanced_seed0,TruthfulQA false answer,0,,,,,,,,,,,,,
