train_position,eval_position,method,layer,ood_moved,ood_home,ood_native,ood_diff_vs_home,ood_diff_vs_native,ood_frac_beats_native,ood_spearman_vs_home,in_dist_mean,in_dist_min,in_dist_native_mean,cosine_mean,ood_range_over_C,n_ood_blocks,n_in_dist_probes
last_prompt,first5,logistic,3,0.5175706805995662,0.5110083586498838,0.5317776148024952,0.00656232194968239,-0.014206934202928847,0.4650793650793651,0.15189555443114622,0.7726345970517113,0.44415283203125,0.9852825346447173,0.21948043720037372,0.003370444096178593,1260,84
last_prompt,first5,logistic,6,0.505264790565372,0.5071392803208548,0.5463042104624984,-0.0018744897554828705,-0.04103941989712652,0.37936507936507935,0.5111961323063237,0.8982384091331845,0.443115234375,0.9946543375651041,0.3080612041483256,0.003958612619364921,1260,84
last_prompt,first5,logistic,10,0.549257091083341,0.5456720216852329,0.5547018616764378,0.0035850693981081595,-0.0054447705930967755,0.4785714285714286,0.4240757090159407,0.9804840087890625,0.7156982421875,0.9996708461216518,0.35275365173543466,0.008706002659092715,1260,84
last_prompt,first5,logistic,13,0.5748043811623262,0.5775255707745658,0.5716061671945587,-0.0027211896122395435,0.003198213967767688,0.5103174603174603,0.714520744240105,0.9999847412109375,0.999755859375,0.9999985467819941,0.5160680650419207,0.013173320541095102,1260,84
last_prompt,first5,logistic,16,0.5684599430572532,0.5687586054214759,0.5690472975041598,-0.0002986623642226928,-0.000587354446906481,0.49603174603174605,0.8279108493706042,0.9999752952938988,0.99908447265625,1.0,0.5561909341756172,0.008872781068345437,1260,84
last_prompt,first5,logistic,19,0.566483420887023,0.5616504504128039,0.5685890173549827,0.004832970474219073,-0.0021055964679596645,0.4992063492063492,0.8398817366961517,0.999970209030878,0.99945068359375,0.999999273390997,0.5356386786668903,0.009707206613026709,1260,84
last_prompt,first5,logistic,22,0.5682155015032384,0.5457686155442206,0.5604874834726518,0.022446885959017702,0.007728018030586715,0.5404761904761904,0.793645132803045,0.9998001825241816,0.995849609375,0.999999273390997,0.4574830948487768,0.003741848995656216,1260,84
last_prompt,first5,logistic,26,0.5553582980075524,0.5454025870410832,0.5655633236493803,0.009955710966469168,-0.010205025641827901,0.4634920634920635,0.7675029054149689,0.9997391473679316,0.99578857421875,0.999999273390997,0.42483630772554565,0.00278173921546232,1260,84
last_prompt,first5,logistic,29,0.548647807895162,0.5401782211479728,0.5649062263048699,0.008469586747189187,-0.01625841840970777,0.44126984126984126,0.7797128499659367,0.9997660319010416,0.9971923828125,1.0,0.40670471220470567,0.002704316229479531,1260,84
last_prompt,first5,DIM,3,0.5098710005774251,0.5091004372732335,0.5427224514325915,0.0007705633041914741,-0.032851450855166435,0.41904761904761906,0.16021030603220676,0.7617449079241071,0.541748046875,0.8894696916852679,0.04393646583873024,,210,14
last_prompt,first5,DIM,6,0.5072920565254817,0.5061184240066032,0.5461184619256323,0.0011736325188785317,-0.03882640540015049,0.38571428571428573,0.4899178147868594,0.8939165387834821,0.53399658203125,0.9147513253348214,0.11065958124091765,,210,14
last_prompt,first5,DIM,10,0.5612396221035774,0.5519243944798037,0.5599128052873433,0.009315227623773627,0.0013268168162339678,0.5,0.4515223863190937,0.9705025809151786,0.699951171875,0.96075439453125,0.3313350670632789,,210,14
last_prompt,first5,DIM,13,0.5805648566989596,0.5810813591160068,0.5736537609045196,-0.0005165024170472239,0.006911095794440062,0.5238095238095238,0.7116008461481148,1.0,1.0,0.9972272600446429,0.5835278500469468,,210,14
last_prompt,first5,DIM,16,0.577308251747182,0.5764468860898462,0.5621127986350162,0.0008613656573357606,0.015195453112165903,0.5571428571428572,0.7802187870210576,0.9999346051897321,0.99908447265625,0.9982997349330357,0.6496992506448903,,210,14
last_prompt,first5,DIM,19,0.5661840572217619,0.5671808310345757,0.5577107953721048,-0.0009967738128137096,0.008473261849657234,0.5333333333333333,0.8483788100151284,0.9996861049107143,0.99774169921875,0.9969395228794643,0.6270780972167477,,210,14
last_prompt,first5,DIM,22,0.5556599483156605,0.5499585968308155,0.5525155342188313,0.005701351484844931,0.0031444140968292624,0.49047619047619045,0.7192926305423187,0.998687744140625,0.9915771484375,0.9969046456473214,0.5700858107234731,,210,14
last_prompt,first5,DIM,26,0.5460279233715123,0.5462090636422398,0.5507465934060882,-0.00018114027072749572,-0.004718670034575959,0.43333333333333335,0.7401897678275827,0.9987662179129464,0.9912109375,0.9971357073102679,0.5211095464099665,,210,14
last_prompt,first5,DIM,29,0.541344612119386,0.5433267302773438,0.5589196192250413,-0.0019821181579577885,-0.017575007105655252,0.3904761904761905,0.6947037995678554,0.9986703055245536,0.99066162109375,0.9981340680803571,0.4714686021829152,,210,14
last_prompt,response,logistic,3,0.49370411061752356,0.5110083586498838,0.5645510209573008,-0.017304248032360275,-0.07084691033977723,0.32936507936507936,-0.03941134012042483,0.7981145949590773,0.58746337890625,0.9919956752232143,0.10003225768775331,0.0026923500051843074,1260,84
last_prompt,response,logistic,6,0.4918824154434118,0.5071392803208548,0.5664518285416715,-0.015256864877443013,-0.07456941309825982,0.3246031746031746,0.30795232939581146,0.8488275437127977,0.6253662109375,0.9949442545572916,0.12591623968013727,0.001253385288700004,1260,84
last_prompt,response,logistic,10,0.5423333293030804,0.5456720216852329,0.5890915979268433,-0.003338692382152582,-0.04675826862376308,0.3674603174603175,0.45010377341761615,0.9744081043061756,0.775146484375,0.9980999174572173,0.21850347740316495,0.005825524004906546,1260,84
last_prompt,response,logistic,13,0.5847854595303185,0.5775255707745658,0.599342853755542,0.007259888755752633,-0.014557394225223447,0.38571428571428573,0.620643014699078,0.9978906540643602,0.9801025390625,0.9998837425595238,0.371764282404897,0.006207629931137881,1260,84
last_prompt,response,logistic,16,0.566667173763075,0.5687586054214759,0.5931393712795091,-0.002091431658400995,-0.026472197516434124,0.35,0.626486333383693,0.9995022728329613,0.990478515625,0.9999266124906994,0.4137241822201085,0.005007231346694008,1260,84
last_prompt,response,logistic,19,0.5527671459079257,0.5616504504128039,0.5837130458288081,-0.00888330450487814,-0.030945899920882293,0.3373015873015873,0.6313808894450578,0.9991556803385416,0.9869384765625,0.9997362409319196,0.416818496073049,0.004731901945828176,1260,84
last_prompt,response,logistic,22,0.5542842063682895,0.5457686155442206,0.580975578068625,0.00851559082406879,-0.026691371700335493,0.3746031746031746,0.606602334818645,0.9978107270740327,0.96533203125,0.9997129894438244,0.3783932080145239,0.0037258157944508596,1260,84
last_prompt,response,logistic,26,0.5412421557795422,0.5454025870410832,0.5807761900511935,-0.004160431261540986,-0.03953403427165125,0.3238095238095238,0.5181411212079892,0.9975520542689732,0.96600341796875,0.9997275216238839,0.36178645778796004,0.002634029437611818,1260,84
last_prompt,response,logistic,29,0.533186264904855,0.5401782211479728,0.5763639725325371,-0.006991956243117945,-0.04317770762768225,0.3142857142857143,0.5318746251150015,0.9958561488560268,0.94781494140625,0.9999273390997023,0.3524861641646973,0.002501049082064166,1260,84
last_prompt,response,DIM,3,0.4904963444192529,0.5091004372732335,0.5458190413149588,-0.018604092853980632,-0.05532269689570586,0.3047619047619048,-0.08691936649033183,0.7815333775111607,0.6533203125,0.9716273716517857,0.06801899773833983,,210,14
last_prompt,response,DIM,6,0.49391186929961195,0.5061184240066032,0.5571858133123868,-0.012206554706991293,-0.06327394401277499,0.34285714285714286,0.3538110679542458,0.8196585518973214,0.60076904296875,0.9750453404017857,0.0824376931211156,,210,14
last_prompt,response,DIM,10,0.5410648813643252,0.5519243944798037,0.5712838672194714,-0.010859513115478468,-0.03021898585514618,0.3904761904761905,0.40620616599663745,0.9750235421316964,0.85235595703125,0.9818987165178571,0.19795035555982413,,210,14
last_prompt,response,DIM,13,0.5751842692096699,0.5810813591160068,0.5875889872465299,-0.005897089906336929,-0.012404718036859993,0.4,0.584676037357504,0.9969831194196429,0.9697265625,0.9914725167410714,0.39808046635467503,,210,14
last_prompt,response,DIM,16,0.5657634874428875,0.5764468860898462,0.5880978985950481,-0.010683398646958754,-0.02233441115216062,0.3761904761904762,0.6149054238353314,0.9989842006138393,0.98712158203125,0.9937918526785714,0.47817808987559385,,210,14
last_prompt,response,DIM,19,0.5197428436879628,0.5671808310345757,0.579237402553247,-0.047437987346613024,-0.05949455886528429,0.2571428571428571,0.6223043606430984,0.9974147251674107,0.96612548828125,0.9959019252232143,0.48662384746835347,,210,14
last_prompt,response,DIM,22,0.5147449271366941,0.5499585968308155,0.578996586567082,-0.035213669694121486,-0.0642516594303879,0.2714285714285714,0.47507977181212396,0.9907793317522321,0.8846435546875,0.9946812220982143,0.46159482793451684,,210,14
last_prompt,response,DIM,26,0.5261264872629927,0.5462090636422398,0.5884436482694486,-0.020082576379247073,-0.062317161006455866,0.2761904761904762,0.4290936302410486,0.992523193359375,0.90557861328125,0.9942975725446429,0.4242142677408441,,210,14
last_prompt,response,DIM,29,0.5237580607176301,0.5433267302773438,0.5856013577523169,-0.01956866955971367,-0.0618432970346868,0.2714285714285714,0.485313887908051,0.9869864327566964,0.85711669921875,0.9952872140066964,0.39170068507755695,,210,14
first5,last_prompt,logistic,3,0.5131266090786402,0.5317776148024952,0.5110083586498838,-0.018651005723854853,0.0021182504287563836,0.5142857142857142,0.18774665203628788,0.9669836135137648,0.78411865234375,0.9999643961588541,0.21948043720037372,0.0037807031929049106,1260,84
first5,last_prompt,logistic,6,0.5121825797074948,0.5463042104624984,0.5071392803208548,-0.03412163075500363,0.005043299386640012,0.5222222222222223,0.2426088741030859,0.9998401460193452,0.98870849609375,1.0,0.3080612041483256,0.0227191256726188,1260,84
first5,last_prompt,logistic,10,0.5321211904075183,0.5547018616764378,0.5456720216852329,-0.02258067126891954,-0.013550831277714606,0.4507936507936508,0.49261392740626364,0.9999970935639881,0.999755859375,1.0,0.35275365173543466,0.023702573545991257,1260,84
first5,last_prompt,logistic,13,0.5597893826826159,0.5716061671945587,0.5775255707745658,-0.011816784511942716,-0.017736188091949948,0.37857142857142856,0.6945925688187132,1.0,1.0,1.0,0.5160680650419207,0.018508478619921442,1260,84
first5,last_prompt,logistic,16,0.570051267184494,0.5690472975041598,0.5687586054214759,0.001003969680334218,0.0012926617630180065,0.530952380952381,0.744520571465114,1.0,1.0,1.0,0.5561909341756172,0.009163469660202428,1260,84
first5,last_prompt,logistic,19,0.5741708964562449,0.5685890173549827,0.5616504504128039,0.005581879101262158,0.012520446043440894,0.6476190476190476,0.8008413063707351,1.0,1.0,1.0,0.5356386786668903,0.006044016790939466,1260,84
first5,last_prompt,logistic,22,0.5575795504422979,0.5604874834726518,0.5457686155442206,-0.002907933030353875,0.011810934898077113,0.6388888888888888,0.794791166324473,1.0,1.0,1.0,0.4574830948487768,0.004663745108614004,1260,84
first5,last_prompt,logistic,26,0.5663499249743534,0.5655633236493803,0.5454025870410832,0.0007866013249730712,0.02094733793327014,0.6198412698412699,0.7363698797348468,1.0,1.0,1.0,0.42483630772554565,0.0027970663528432693,1260,84
first5,last_prompt,logistic,29,0.5649022875372005,0.5649062263048699,0.5401782211479728,-3.938767669308964e-06,0.02472406638922765,0.6849206349206349,0.7446703248232708,1.0,1.0,1.0,0.40670471220470567,0.0028417128245549206,1260,84
first5,last_prompt,DIM,3,0.5159473823538492,0.5427224514325915,0.5091004372732335,-0.026775069078742133,0.0068469450806157755,0.5476190476190477,0.24896774465245405,0.6913103376116071,0.50189208984375,0.9899248395647321,0.04393646583873024,,210,14
first5,last_prompt,DIM,6,0.519479678530888,0.5461184619256323,0.5061184240066032,-0.026638783394744316,0.013361254524284714,0.5380952380952381,0.323183875241745,0.9532339913504464,0.64556884765625,1.0,0.11065958124091765,,210,14
first5,last_prompt,DIM,10,0.5528967305693632,0.5599128052873433,0.5519243944798037,-0.007016074717980129,0.0009723360895595292,0.49523809523809526,0.5365220461753262,0.9946855817522321,0.9322509765625,0.9999825613839286,0.3313350670632789,,210,14
first5,last_prompt,DIM,13,0.5776794588219385,0.5736537609045196,0.5810813591160068,0.004025697917418886,-0.0034019002940684005,0.5047619047619047,0.6305546287087818,1.0,1.0,1.0,0.5835278500469468,,210,14
first5,last_prompt,DIM,16,0.5714681698175824,0.5621127986350162,0.5764468860898462,0.00935537118256636,-0.004978716272263785,0.5142857142857142,0.7103257929399112,1.0,1.0,1.0,0.6496992506448903,,210,14
first5,last_prompt,DIM,19,0.5730920758581232,0.5577107953721048,0.5671808310345757,0.015381280486018395,0.005911244823547452,0.5571428571428572,0.7569196580421323,1.0,1.0,1.0,0.6270780972167477,,210,14
first5,last_prompt,DIM,22,0.5557798438816628,0.5525155342188313,0.5499585968308155,0.0032643096628315166,0.005821247050847188,0.5857142857142857,0.7418082042676705,1.0,1.0,1.0,0.5700858107234731,,210,14
first5,last_prompt,DIM,26,0.5578647347135562,0.5507465934060882,0.5462090636422398,0.007118141307468014,0.011655671071316478,0.5619047619047619,0.7298455099402966,1.0,1.0,1.0,0.5211095464099665,,210,14
first5,last_prompt,DIM,29,0.5634095384657885,0.5589196192250413,0.5433267302773438,0.004489919240747094,0.02008280818844456,0.6571428571428571,0.7089120906531733,1.0,1.0,1.0,0.4714686021829152,,210,14
first5,response,logistic,3,0.5272349972489816,0.5317776148024952,0.5645510209573008,-0.004542617553513535,-0.037316023708319254,0.3817460317460317,0.4940598394900543,0.9517931256975446,0.788330078125,0.9919956752232143,0.3134420202421463,0.004940736162410975,1260,84
first5,response,logistic,6,0.5316207682841846,0.5463042104624984,0.5664518285416715,-0.014683442178313846,-0.03483106025748701,0.4111111111111111,0.5144452311687038,0.9757116408575148,0.8516845703125,0.9949442545572916,0.36123543502578714,0.010030610120803751,1260,84
first5,response,logistic,10,0.5523166544512661,0.5547018616764378,0.5890915979268433,-0.0023852072251716095,-0.03677494347557717,0.35873015873015873,0.40522120331096734,0.9941813151041666,0.90277099609375,0.9980999174572173,0.5123691567621816,0.00581276893470406,1260,84
first5,response,logistic,13,0.5863411954612753,0.5716061671945587,0.599342853755542,0.014735028266716613,-0.013001658294266697,0.43492063492063493,0.5459462204269526,0.9999193464006696,0.9986572265625,0.9998837425595238,0.6244586697463299,0.005335679521374259,1260,84
first5,response,logistic,16,0.5657361114433818,0.5690472975041598,0.5931393712795091,-0.0033111860607780543,-0.027403259836127392,0.3515873015873016,0.5783077684131257,0.9999375116257441,0.998779296875,0.9999266124906994,0.6415860948275613,0.0032912826582535137,1260,84
first5,response,logistic,19,0.5615420904998792,0.5685890173549827,0.5837130458288081,-0.0070469268551034015,-0.02217095532892882,0.39206349206349206,0.6625798823829172,0.9996323358444941,0.993896484375,0.9997362409319196,0.6468965202849682,0.0067978761637945695,1260,84
first5,response,logistic,22,0.5592947961690736,0.5604874834726518,0.580975578068625,-0.0011926873035780381,-0.02168078189955134,0.3888888888888889,0.6748293274003407,0.999390375046503,0.98980712890625,0.9997129894438244,0.6374596312476791,0.010346431501420672,1260,84
first5,response,logistic,26,0.5627464584913918,0.5655633236493803,0.5807761900511935,-0.0028168651579885107,-0.018029731559801712,0.3682539682539683,0.672356844608984,0.9992486862909227,0.98828125,0.9997275216238839,0.6481203612875861,0.005715802204878773,1260,84
first5,response,logistic,29,0.5565571303491917,0.5649062263048699,0.5763639725325371,-0.008349095955678112,-0.01980684218334545,0.36507936507936506,0.6645234722177218,0.9996272495814732,0.99432373046875,0.9999273390997023,0.6481339797357759,0.002170539370109026,1260,84
first5,response,DIM,3,0.5114559274462336,0.5427224514325915,0.5458190413149588,-0.0312665239863579,-0.03436311386872522,0.4,0.5095956176524896,0.9312220982142857,0.76385498046875,0.9716273716517857,0.38972440038404266,,210,14
first5,response,DIM,6,0.5149250849143122,0.5461184619256323,0.5571858133123868,-0.031193377011320036,-0.04226072839807469,0.3761904761904762,0.4646746119931453,0.9523577008928571,0.81036376953125,0.9750453404017857,0.4104733688359291,,210,14
first5,response,DIM,10,0.5290549754987374,0.5599128052873433,0.5712838672194714,-0.030857829788606014,-0.042228891720734074,0.4,0.48238411625790023,0.9769548688616071,0.84710693359375,0.9818987165178571,0.46376814676384936,,210,14
first5,response,DIM,13,0.5632691808820026,0.5736537609045196,0.5875889872465299,-0.010384580022516939,-0.024319806364527293,0.4142857142857143,0.5936001140291487,0.9971880231584821,0.97064208984375,0.9914725167410714,0.5764952132820623,,210,14
first5,response,DIM,16,0.5455940258537966,0.5621127986350162,0.5880978985950481,-0.016518772781219496,-0.0425038727412515,0.32857142857142857,0.5961787277327312,0.9986223493303571,0.99066162109375,0.9937918526785714,0.6109485635438135,,210,14
first5,response,DIM,19,0.5236759009825406,0.5577107953721048,0.579237402553247,-0.034034894389564085,-0.05556150157070629,0.29523809523809524,0.5692756233539471,0.9976370675223214,0.9720458984375,0.9959019252232143,0.6244471264426081,,210,14
first5,response,DIM,22,0.5227647077454619,0.5525155342188313,0.578996586567082,-0.029750826473369265,-0.056231878821620014,0.26666666666666666,0.566623149860865,0.9956839425223214,0.95074462890625,0.9946812220982143,0.6372911597059229,,210,14
first5,response,DIM,26,0.5283770784929519,0.5507465934060882,0.5884436482694486,-0.02236951491313638,-0.06006656977649671,0.2904761904761905,0.5375962525875222,0.9947684151785714,0.93780517578125,0.9942975725446429,0.6419444058011522,,210,14
first5,response,DIM,29,0.5411815609209999,0.5589196192250413,0.5856013577523169,-0.017738058304041453,-0.04441979683131711,0.30952380952380953,0.5583171630066117,0.9973318917410714,0.9749755859375,0.9952872140066964,0.6363339106751077,,210,14
response,last_prompt,logistic,3,0.5230046291293662,0.5645510209573008,0.5110083586498838,-0.041546391827934605,0.011996270479482343,0.5666666666666667,0.22511081168854366,0.8826461065383184,0.6993408203125,0.9999643961588541,0.10003225768775331,0.0025863254136452296,1260,84
response,last_prompt,logistic,6,0.5062269965699299,0.5664518285416715,0.5071392803208548,-0.060224831971741756,-0.0009122837509249547,0.4531746031746032,0.060905388340102874,0.986176263718378,0.88677978515625,1.0,0.12591623968013727,0.015714364499000655,1260,84
response,last_prompt,logistic,10,0.5380928801342544,0.5890915979268433,0.5456720216852329,-0.05099871779258895,-0.007579141550978444,0.42857142857142855,0.3489955722701038,0.9999418712797619,0.9974365234375,1.0,0.21850347740316495,0.023924793961327184,1260,84
response,last_prompt,logistic,13,0.580583676736384,0.599342853755542,0.5775255707745658,-0.018759177019158024,0.0030581059618180573,0.573015873015873,0.6210411133422098,1.0,1.0,1.0,0.371764282404897,0.028387615305103697,1260,84
response,last_prompt,logistic,16,0.5976081869698556,0.5931393712795091,0.5687586054214759,0.0044688156903464425,0.028849581548379574,0.6849206349206349,0.6551282394140893,1.0,1.0,1.0,0.4137241822201085,0.01774776402222722,1260,84
response,last_prompt,logistic,19,0.5931057901039587,0.5837130458288081,0.5616504504128039,0.009392744275150598,0.03145533969115476,0.6531746031746032,0.6162269378777135,1.0,1.0,1.0,0.416818496073049,0.014691023667130931,1260,84
response,last_prompt,logistic,22,0.5805594027171839,0.580975578068625,0.5457686155442206,-0.00041617535144120537,0.03479078717296308,0.6825396825396826,0.6141733269264136,1.0,1.0,1.0,0.3783932080145239,0.014593816094861989,1260,84
response,last_prompt,logistic,26,0.5784637807053755,0.5807761900511935,0.5454025870410832,-0.002312409345817909,0.03306119366429237,0.6412698412698413,0.5711097375917781,1.0,1.0,1.0,0.36178645778796004,0.014487175551782583,1260,84
response,last_prompt,logistic,29,0.581907875742832,0.5763639725325371,0.5401782211479728,0.0055439032102948494,0.041729654594859146,0.7111111111111111,0.5722841641251516,1.0,1.0,1.0,0.3524861641646973,0.013281593869266195,1260,84
response,last_prompt,DIM,3,0.5294205164362659,0.5458190413149588,0.5091004372732335,-0.01639852487869285,0.020320079163032384,0.6142857142857143,0.17361002679037102,0.7069091796875,0.57037353515625,0.9899248395647321,0.06801899773833983,,210,14
response,last_prompt,DIM,6,0.5429774618631635,0.5571858133123868,0.5061184240066032,-0.014208351449223373,0.03685903785656031,0.6333333333333333,0.16545564687245906,0.9017508370535714,0.6683349609375,1.0,0.0824376931211156,,210,14
response,last_prompt,DIM,10,0.5656865687606242,0.5712838672194714,0.5519243944798037,-0.0055972984588472325,0.013762174280820483,0.5428571428571428,0.6001865931524201,0.9949428013392857,0.93768310546875,0.9999825613839286,0.19795035555982413,,210,14
response,last_prompt,DIM,13,0.6043193394231904,0.5875889872465299,0.5810813591160068,0.016730352176660468,0.02323798030718353,0.6619047619047619,0.7047759424411956,0.9999956403459821,0.99993896484375,1.0,0.39808046635467503,,210,14
response,last_prompt,DIM,16,0.6114042992365455,0.5880978985950481,0.5764468860898462,0.023306400641497336,0.0349574131466992,0.7238095238095238,0.6218508356198553,1.0,1.0,1.0,0.47817808987559385,,210,14
response,last_prompt,DIM,19,0.6054628538505965,0.579237402553247,0.5671808310345757,0.026225451297349624,0.03828202281602089,0.6761904761904762,0.5941780344873385,1.0,1.0,1.0,0.48662384746835347,,210,14
response,last_prompt,DIM,22,0.5955564190949246,0.578996586567082,0.5499585968308155,0.016559832527842707,0.04559782226410913,0.7,0.5799913117535563,1.0,1.0,1.0,0.46159482793451684,,210,14
response,last_prompt,DIM,26,0.5899045283084325,0.5884436482694486,0.5462090636422398,0.0014608800389839668,0.043695464666192764,0.6666666666666666,0.5624157334309492,0.9999607631138393,0.999755859375,1.0,0.4242142677408441,,210,14
response,last_prompt,DIM,29,0.5842985830948313,0.5856013577523169,0.5433267302773438,-0.0013027746574856703,0.04097185281748745,0.6476190476190476,0.558224695158227,0.9999433244977679,0.99951171875,1.0,0.39170068507755695,,210,14
response,first5,logistic,3,0.5639346904171596,0.5645510209573008,0.5317776148024952,-0.0006163305401412118,0.03215707561466451,0.6325396825396825,0.4524855231449848,0.9002031598772321,0.63836669921875,0.9852825346447173,0.3134420202421463,0.008702216066684532,1260,84
response,first5,logistic,6,0.5708602009080854,0.5664518285416715,0.5463042104624984,0.0044083723664138565,0.02455599044558702,0.6031746031746031,0.4279567923035668,0.9345884777250744,0.68743896484375,0.9946543375651041,0.36123543502578714,0.015737161618119,1260,84
response,first5,logistic,10,0.5906360807473724,0.5890915979268433,0.5547018616764378,0.0015444828205288812,0.03593421907093445,0.6095238095238096,0.4302296672393164,0.9909769694010416,0.82830810546875,0.9996708461216518,0.5123691567621816,0.01672330302332592,1260,84
response,first5,logistic,13,0.5977715622365644,0.599342853755542,0.5716061671945587,-0.0015712915189775342,0.02616539504200578,0.5865079365079365,0.5259206313512322,0.9995574951171875,0.9635009765625,0.9999985467819941,0.6244586697463299,0.03090592545749582,1260,84
response,first5,logistic,16,0.5983262944345445,0.5931393712795091,0.5690472975041598,0.005186923155035492,0.02927899693038483,0.6349206349206349,0.6470521396346441,0.9996868315197173,0.9803466796875,1.0,0.6415860948275613,0.018820780390024106,1260,84
response,first5,logistic,19,0.5948090535596295,0.5837130458288081,0.5685890173549827,0.011096007730821497,0.02622003620464691,0.6039682539682539,0.6465752928558699,0.9993787493024554,0.97662353515625,0.999999273390997,0.6468965202849682,0.019823534851968527,1260,84
response,first5,logistic,22,0.5893399470549113,0.580975578068625,0.5604874834726518,0.008364368986286352,0.028852463582259652,0.6015873015873016,0.6484262315213113,0.9992755708240327,0.9794921875,0.999999273390997,0.6374596312476791,0.016342154034029943,1260,84
response,first5,logistic,26,0.5857621837530104,0.5807761900511935,0.5655633236493803,0.004985993701816921,0.02019886010363012,0.5595238095238095,0.6234172475318405,0.9990234375,0.978515625,0.999999273390997,0.6481203612875861,0.01755891754840977,1260,84
response,first5,logistic,29,0.5878846065626464,0.5763639725325371,0.5649062263048699,0.01152063403010932,0.022978380257776664,0.596031746031746,0.6074997582377968,0.999634515671503,0.98870849609375,1.0,0.6481339797357759,0.014262962448682082,1260,84
response,first5,DIM,3,0.5626370547022215,0.5458190413149588,0.5427224514325915,0.016818013387262746,0.019914603269630068,0.5761904761904761,0.44400812457684496,0.8208443777901786,0.57373046875,0.8894696916852679,0.38972440038404266,,210,14
response,first5,DIM,6,0.578762685115854,0.5571858133123868,0.5461184619256323,0.021576871803467252,0.0326442231902219,0.6333333333333333,0.4203652172222888,0.8673967633928571,0.641357421875,0.9147513253348214,0.4104733688359291,,210,14
response,first5,DIM,10,0.5950770936513023,0.5712838672194714,0.5599128052873433,0.023793226431830888,0.03516428836395894,0.5904761904761905,0.4574156200496934,0.9315621512276786,0.65740966796875,0.96075439453125,0.46376814676384936,,210,14
response,first5,DIM,13,0.6023732159488293,0.5875889872465299,0.5736537609045196,0.014784228702299404,0.02871945504430975,0.580952380952381,0.49315727923859626,0.9861537388392857,0.85125732421875,0.9972272600446429,0.5764952132820623,,210,14
response,first5,DIM,16,0.5997138678764596,0.5880978985950481,0.5621127986350162,0.011615969281411509,0.03760106924144352,0.5761904761904761,0.5546202861742897,0.9900338309151786,0.884033203125,0.9982997349330357,0.6109485635438135,,210,14
response,first5,DIM,19,0.601339131660353,0.579237402553247,0.5577107953721048,0.02210172910710616,0.04362833628824837,0.5857142857142857,0.6045482080902385,0.9886954171316964,0.88983154296875,0.9969395228794643,0.6244471264426081,,210,14
response,first5,DIM,22,0.5934894941442409,0.578996586567082,0.5525155342188313,0.014492907577158997,0.04097395992540974,0.6190476190476191,0.6038290469819529,0.9868382045200893,0.891845703125,0.9969046456473214,0.6372911597059229,,210,14
response,first5,DIM,26,0.5894097205319304,0.5884436482694486,0.5507465934060882,0.0009660722624818858,0.038663127125842224,0.6,0.5803481128499836,0.9861537388392857,0.89886474609375,0.9971357073102679,0.6419444058011522,,210,14
response,first5,DIM,29,0.5891534736793371,0.5856013577523169,0.5589196192250413,0.0035521159270200903,0.03023385445429575,0.5857142857142857,0.5832877918475269,0.9897286551339286,0.90985107421875,0.9981340680803571,0.6363339106751077,,210,14
