train_position,eval_position,method,band,layers,ood_moved,ood_home,ood_native,ood_diff_vs_home,ood_diff_vs_native,ood_frac_beats_native,ood_spearman_vs_home,in_dist_mean,in_dist_min,in_dist_native_mean,cosine_mean,ood_range_over_C,n_ood_blocks,n_in_dist_probes
last_prompt,first5,logistic,early,3 6 10,0.5240308540827597,0.5212732202186572,0.5442612289804772,0.00275763386410256,-0.02023037489771738,0.441005291005291,0.3972008265381869,0.8837856716579862,0.443115234375,0.9932025727771577,0.29343176436137797,0.0032458809675197653,3780,252
last_prompt,first5,logistic,mid,13 16 19,0.5699159150355343,0.5693115422029487,0.5697474940179003,0.0006043728325856124,0.0001684210176338476,0.5018518518518519,0.7958300624806003,0.9999767485119048,0.99908447265625,0.999999273390997,0.5359658926281428,0.010425131413578481,3780,252
last_prompt,first5,logistic,late,22 26 29,0.5574072024686509,0.5437831412444256,0.563652344475634,0.01362406122422535,-0.006245142006982986,0.48174603174603176,0.7781326988439935,0.9997684539310516,0.99578857421875,0.999999515593998,0.42967470492634263,0.003022067691384356,3780,252
last_prompt,first5,DIM,early,3 6 10,0.5261342264021613,0.5223810852532135,0.5495845728818558,0.0037531411489478777,-0.023450346479694323,0.43492063492063493,0.42226482232075596,0.8753880092075893,0.53399658203125,0.9216584705171131,0.1619770380476423,,630,42
last_prompt,first5,DIM,mid,13 16 19,0.5746857218893011,0.5749030254134763,0.5644924516372134,-0.00021730352417505882,0.010193270252087733,0.5380952380952381,0.7820244728693598,0.9998735700334821,0.99774169921875,0.9974888392857143,0.6201017326361948,,630,42
last_prompt,first5,DIM,late,22 26 29,0.5476774946021863,0.546498130250133,0.5540605822833203,0.0011793643520532162,-0.006383087681133982,0.4380952380952381,0.7192475139711088,0.9987080891927084,0.99066162109375,0.9973914736793155,0.520887986438785,,630,42
last_prompt,response,logistic,early,3 6 10,0.5093066184546718,0.5212732202186572,0.5733648158086052,-0.01196660176398529,-0.06405819735393338,0.3404761904761905,0.2898930683824896,0.8737834143260169,0.58746337890625,0.9950132824125744,0.1481506582570185,0.0026229546172898965,3780,252
last_prompt,response,logistic,mid,13 16 19,0.5680732597337731,0.5693115422029487,0.592065090287953,-0.0012382824691754995,-0.023991830554179954,0.3576719576719577,0.6250987981222833,0.9988495357452877,0.9801025390625,0.9998488653273809,0.4007689868993515,0.005248067886859942,3780,252
last_prompt,response,logistic,late,22 26 29,0.5429042090175622,0.5437831412444256,0.5793719135507852,-0.0008789322268633802,-0.036467704533223,0.33756613756613757,0.551617377320084,0.9970729767330109,0.94781494140625,0.9997892833891369,0.3642219433223938,0.0029215920305025733,3780,252
last_prompt,response,DIM,early,3 6 10,0.5084910316943967,0.5223810852532135,0.5580962406156057,-0.0138900535588168,-0.049605208921209,0.346031746031746,0.2806119920877076,0.8587384905133929,0.60076904296875,0.9761904761904762,0.11613568213975986,,630,42
last_prompt,response,DIM,mid,13 16 19,0.5535635334468401,0.5749030254134763,0.584974762798275,-0.021339491966636235,-0.03141122935143497,0.34444444444444444,0.6009755150614665,0.9977940150669643,0.96612548828125,0.9937220982142857,0.45429413456620743,,630,42
last_prompt,response,DIM,late,22 26 29,0.521543158372439,0.546498130250133,0.5843471975296158,-0.024954971877694077,-0.06280403915717686,0.273015873015873,0.46467897134439506,0.9900963192894345,0.85711669921875,0.9947553362165179,0.42583659358430603,,630,42
first5,last_prompt,logistic,early,3 6 10,0.5191434597312178,0.5442612289804772,0.5212732202186572,-0.02511776924925934,-0.0021297604874394027,0.49576719576719575,0.31299752336570824,0.9889402843656994,0.78411865234375,0.9999881320529513,0.29343176436137797,0.015335662920352489,3780,252
first5,last_prompt,logistic,mid,13 16 19,0.5680038487744516,0.5697474940179003,0.5693115422029487,-0.0017436452434487798,-0.0013076934284970147,0.5190476190476191,0.7427080421090114,1.0,1.0,1.0,0.5359658926281428,0.010750772464682257,3780,252
first5,last_prompt,logistic,late,22 26 29,0.5629439209846172,0.563652344475634,0.5437831412444256,-0.0007084234910167044,0.01916077974019163,0.6478835978835978,0.7581049271807416,1.0,1.0,1.0,0.42967470492634263,0.0030000904524856153,3780,252
first5,last_prompt,DIM,early,3 6 10,0.5294412638180335,0.5495845728818558,0.5223810852532135,-0.020143309063822192,0.007060178564820005,0.526984126984127,0.4008708272894044,0.8797433035714286,0.50189208984375,0.9966358003162202,0.1619770380476423,,630,42
first5,last_prompt,DIM,mid,13 16 19,0.5740799014992147,0.5644924516372134,0.5749030254134763,0.009587449862001215,-0.0008231239142615774,0.5253968253968254,0.7016266702851957,1.0,1.0,1.0,0.6201017326361948,,630,42
first5,last_prompt,DIM,late,22 26 29,0.5590180390203359,0.5540605822833203,0.546498130250133,0.004957456737015542,0.012519908770202743,0.6015873015873016,0.7253988690177747,1.0,1.0,1.0,0.520887986438785,,630,42
first5,response,logistic,early,3 6 10,0.5370574733281442,0.5442612289804772,0.5733648158086052,-0.007203755652332996,-0.03630734248046115,0.38386243386243385,0.47620053283493147,0.9738953605530754,0.788330078125,0.9950132824125744,0.39568220401003834,0.004979206654084023,3780,252
first5,response,logistic,mid,13 16 19,0.5712064658015121,0.5697474940179003,0.592065090287953,0.0014589717836117199,-0.02085862448644097,0.39285714285714285,0.5939739195823605,0.9998297312903026,0.993896484375,0.9998488653273809,0.6376470949529531,0.003600675703749112,3780,252
first5,response,logistic,late,22 26 29,0.5595327950032191,0.563652344475634,0.5793719135507852,-0.004119549472414887,-0.01983911854756617,0.37407407407407406,0.6691676929883759,0.9994221036396329,0.98828125,0.9997892833891369,0.644571324090347,0.005784011683853896,3780,252
first5,response,DIM,early,3 6 10,0.518478662619761,0.5495845728818558,0.5580962406156057,-0.031105910262094652,-0.039617577995844665,0.39206349206349206,0.49000876917349373,0.9535115559895834,0.76385498046875,0.9761904761904762,0.421321971994607,,630,42
first5,response,DIM,mid,13 16 19,0.5441797025727799,0.5644924516372134,0.584974762798275,-0.020312749064433505,-0.040795060225495026,0.346031746031746,0.5869199300913668,0.9978158133370536,0.97064208984375,0.9937220982142857,0.603963634422828,,630,42
first5,response,DIM,late,22 26 29,0.5307744490531379,0.5540605822833203,0.5843471975296158,-0.023286133230182363,-0.053572748476477944,0.28888888888888886,0.554173450558472,0.9959280831473214,0.93780517578125,0.9947553362165179,0.6385231587273943,,630,42
response,last_prompt,logistic,early,3 6 10,0.5224415019445169,0.5733648158086052,0.5212732202186572,-0.05092331386408844,0.0011682817258596493,0.4828042328042328,0.22536506056281214,0.9562547471788194,0.6993408203125,0.9999881320529513,0.1481506582570185,0.012350944348894277,3780,252
response,last_prompt,logistic,mid,13 16 19,0.5904325512700661,0.592065090287953,0.5693115422029487,-0.001632539017886993,0.02112100906711746,0.6370370370370371,0.6271726025348673,1.0,1.0,1.0,0.4007689868993515,0.02027546766482058,3780,252
response,last_prompt,logistic,late,22 26 29,0.5803103530551303,0.5793719135507852,0.5437831412444256,0.0009384395043452454,0.03652721181070486,0.6783068783068783,0.5866473366622635,1.0,1.0,1.0,0.3642219433223938,0.014120861838636922,3780,252
response,last_prompt,DIM,early,3 6 10,0.5460281823533513,0.5580962406156057,0.5223810852532135,-0.012068058262254483,0.023647097100137727,0.5968253968253968,0.35492664020677445,0.8678676060267857,0.57037353515625,0.9966358003162202,0.11613568213975986,,630,42
response,last_prompt,DIM,mid,13 16 19,0.6070621641701108,0.584974762798275,0.5749030254134763,0.022087401371835808,0.032159138756634544,0.6873015873015873,0.6400981945868681,0.9999985467819941,0.99993896484375,1.0,0.45429413456620743,,630,42
response,last_prompt,DIM,late,22 26 29,0.5899198434993961,0.5843471975296158,0.546498130250133,0.005572645969780334,0.04342171324926311,0.6714285714285714,0.5661181607837917,0.9999680292038691,0.99951171875,1.0,0.42583659358430603,,630,42
response,first5,logistic,early,3 6 10,0.575143657357539,0.5733648158086052,0.5442612289804772,0.0017788415489338424,0.03088242837706199,0.6150793650793651,0.4399874861272709,0.9419228690011161,0.63836669921875,0.9932025727771577,0.39568220401003834,0.013428052524834255,3780,252
response,first5,logistic,mid,13 16 19,0.5969689700769129,0.592065090287953,0.5697474940179003,0.004903879788959818,0.027221476059012508,0.6084656084656085,0.6054426637614853,0.9995410253131201,0.9635009765625,0.999999273390997,0.6376470949529531,0.023183413566496114,3780,252
response,first5,logistic,late,22 26 29,0.5876622457901893,0.5793719135507852,0.563652344475634,0.008290332239404197,0.024009901314555483,0.5857142857142857,0.6271259818103035,0.9993111746651786,0.978515625,0.999999515593998,0.644571324090347,0.01605467801037408,3780,252
response,first5,DIM,early,3 6 10,0.5788256111564593,0.5580962406156057,0.5495845728818558,0.02072937054085363,0.02924103827460364,0.6,0.4411063675909393,0.8732677641369048,0.57373046875,0.9216584705171131,0.421321971994607,,630,42
response,first5,DIM,mid,13 16 19,0.6011420718285474,0.584974762798275,0.5644924516372134,0.016167309030272355,0.03664962019133388,0.580952380952381,0.5509759409824666,0.9882943289620536,0.85125732421875,0.9974888392857143,0.603963634422828,,630,42
response,first5,DIM,late,22 26 29,0.5906842294518361,0.5843471975296158,0.5540605822833203,0.0063370319222203235,0.036623647168515905,0.6015873015873016,0.5883830318970329,0.9875735328311012,0.891845703125,0.9973914736793155,0.6385231587273943,,630,42
